season_year,race_number,session_key,race_location,country,date,driver_number,driver_name,broadcast_name,team_name,country_code,best_lap_time,avg_lap_time,position_change,grid_position,final_position
2024,1,9472,Sakhir,Bahrain,2024-03-02T15:00:00+00:00,1,Max VERSTAPPEN,M VERSTAPPEN,Red Bull Racing,NED,92.608,96.56174999999999,0,1,1
2024,1,9472,Sakhir,Bahrain,2024-03-02T15:00:00+00:00,2,Logan SARGEANT,L SARGEANT,Williams,USA,94.735,100.36325925925927,-2,18,20
2024,1,9472,Sakhir,Bahrain,2024-03-02T15:00:00+00:00,3,Daniel RICCIARDO,D RICCIARDO,RB,AUS,95.163,98.32785454545454,1,14,13
2024,1,9472,Sakhir,Bahrain,2024-03-02T15:00:00+00:00,4,Lando NORRIS,L NORRIS,McLaren,GBR,94.476,97.33985714285714,1,7,6
2024,1,9472,Sakhir,Bahrain,2024-03-02T15:00:00+00:00,10,Pierre GASLY,P GASLY,Alpine,FRA,94.805,98.72579999999999,2,20,18
2024,1,9472,Sakhir,Bahrain,2024-03-02T15:00:00+00:00,11,Sergio PEREZ,S PEREZ,Red Bull Racing,MEX,94.364,96.91332142857142,3,5,2
2024,1,9472,Sakhir,Bahrain,2024-03-02T15:00:00+00:00,14,Fernando ALONSO,F ALONSO,Aston Martin,ESP,94.199,97.82053571428571,-3,6,9
2024,1,9472,Sakhir,Bahrain,2024-03-02T15:00:00+00:00,16,Charles LECLERC,C LECLERC,Ferrari,MON,94.09,97.25250000000001,-2,2,4
2024,1,9472,Sakhir,Bahrain,2024-03-02T15:00:00+00:00,18,Lance STROLL,L STROLL,Aston Martin,CAN,95.632,97.99542857142856,2,12,10
2024,1,9472,Sakhir,Bahrain,2024-03-02T15:00:00+00:00,20,Kevin MAGNUSSEN,K MAGNUSSEN,Haas F1 Team,DEN,95.57,98.34016363636363,3,15,12
2024,1,9472,Sakhir,Bahrain,2024-03-02T15:00:00+00:00,22,Yuki TSUNODA,Y TSUNODA,RB,JPN,95.833,98.37707272727273,-3,11,14
2024,1,9472,Sakhir,Bahrain,2024-03-02T15:00:00+00:00,23,Alexander ALBON,A ALBON,Williams,THA,95.723,98.41345454545454,-2,13,15
2024,1,9472,Sakhir,Bahrain,2024-03-02T15:00:00+00:00,24,ZHOU Guanyu,G ZHOU,Kick Sauber,CHN,95.458,98.30363636363636,6,17,11
2024,1,9472,Sakhir,Bahrain,2024-03-02T15:00:00+00:00,27,Nico HULKENBERG,N HULKENBERG,Haas F1 Team,GER,94.834,98.36538888888889,-6,10,16
2024,1,9472,Sakhir,Bahrain,2024-03-02T15:00:00+00:00,31,Esteban OCON,E OCON,Alpine,FRA,96.226,98.71881818181818,2,19,17
2024,1,9472,Sakhir,Bahrain,2024-03-02T15:00:00+00:00,44,Lewis HAMILTON,L HAMILTON,Mercedes,GBR,94.722,97.35614285714284,2,9,7
2024,1,9472,Sakhir,Bahrain,2024-03-02T15:00:00+00:00,55,Carlos SAINZ,C SAINZ,Ferrari,ESP,94.507,96.95057142857142,1,4,3
2024,1,9472,Sakhir,Bahrain,2024-03-02T15:00:00+00:00,63,George RUSSELL,G RUSSELL,Mercedes,GBR,95.065,97.36253571428571,-2,3,5
2024,1,9472,Sakhir,Bahrain,2024-03-02T15:00:00+00:00,77,Valtteri BOTTAS,V BOTTAS,Kick Sauber,FIN,96.202,98.31796296296297,-3,16,19
2024,1,9472,Sakhir,Bahrain,2024-03-02T15:00:00+00:00,81,Oscar PIASTRI,O PIASTRI,McLaren,AUS,94.774,97.46966071428572,0,8,8
2024,2,9480,Jeddah,Saudi Arabia,2024-03-09T17:00:00+00:00,1,Max VERSTAPPEN,M VERSTAPPEN,Red Bull Racing,NED,91.773,96.97152083333333,0,1,1
2024,2,9480,Jeddah,Saudi Arabia,2024-03-09T17:00:00+00:00,2,Logan SARGEANT,L SARGEANT,Williams,USA,93.026,98.84579166666667,4,19,15
2024,2,9480,Jeddah,Saudi Arabia,2024-03-09T17:00:00+00:00,3,Daniel RICCIARDO,D RICCIARDO,RB,AUS,93.323,97.1478085106383,-2,14,16
2024,2,9480,Jeddah,Saudi Arabia,2024-03-09T17:00:00+00:00,4,Lando NORRIS,L NORRIS,McLaren,GBR,91.944,97.73581632653062,-2,6,8
2024,2,9480,Jeddah,Saudi Arabia,2024-03-09T17:00:00+00:00,10,Pierre GASLY,P GASLY,Alpine,FRA,,,-2,18,20
2024,2,9480,Jeddah,Saudi Arabia,2024-03-09T17:00:00+00:00,11,Sergio PEREZ,S PEREZ,Red Bull Racing,MEX,92.273,97.03457142857143,1,3,2
2024,2,9480,Jeddah,Saudi Arabia,2024-03-09T17:00:00+00:00,14,Fernando ALONSO,F ALONSO,Aston Martin,ESP,92.387,97.56173469387754,-1,4,5
2024,2,9480,Jeddah,Saudi Arabia,2024-03-09T17:00:00+00:00,16,Charles LECLERC,C LECLERC,Ferrari,MON,91.632,97.24961224489796,-1,2,3
2024,2,9480,Jeddah,Saudi Arabia,2024-03-09T17:00:00+00:00,18,Lance STROLL,L STROLL,Aston Martin,CAN,95.56,95.79475,-9,10,19
2024,2,9480,Jeddah,Saudi Arabia,2024-03-09T17:00:00+00:00,20,Kevin MAGNUSSEN,K MAGNUSSEN,Haas F1 Team,DEN,92.338,98.4867551020408,1,13,12
2024,2,9480,Jeddah,Saudi Arabia,2024-03-09T17:00:00+00:00,22,Yuki TSUNODA,Y TSUNODA,RB,JPN,93.523,98.88072916666665,-5,9,14
2024,2,9480,Jeddah,Saudi Arabia,2024-03-09T17:00:00+00:00,23,Alexander ALBON,A ALBON,Williams,THA,92.307,98.53063265306123,1,12,11
2024,2,9480,Jeddah,Saudi Arabia,2024-03-09T17:00:00+00:00,24,ZHOU Guanyu,G ZHOU,Kick Sauber,CHN,92.208,99.31260416666667,2,20,18
2024,2,9480,Jeddah,Saudi Arabia,2024-03-09T17:00:00+00:00,27,Nico HULKENBERG,N HULKENBERG,Haas F1 Team,GER,92.366,98.2963469387755,5,15,10
2024,2,9480,Jeddah,Saudi Arabia,2024-03-09T17:00:00+00:00,31,Esteban OCON,E OCON,Alpine,FRA,93.481,98.92027659574468,4,17,13
2024,2,9480,Jeddah,Saudi Arabia,2024-03-09T17:00:00+00:00,38,Oliver BEARMAN,O BEARMAN,Ferrari,GBR,92.186,97.619,4,11,7
2024,2,9480,Jeddah,Saudi Arabia,2024-03-09T17:00:00+00:00,44,Lewis HAMILTON,L HAMILTON,Mercedes,GBR,91.746,97.83845833333334,-1,8,9
2024,2,9480,Jeddah,Saudi Arabia,2024-03-09T17:00:00+00:00,63,George RUSSELL,G RUSSELL,Mercedes,GBR,92.254,97.60714285714286,1,7,6
2024,2,9480,Jeddah,Saudi Arabia,2024-03-09T17:00:00+00:00,77,Valtteri BOTTAS,V BOTTAS,Kick Sauber,FIN,92.706,99.1985625,-1,16,17
2024,2,9480,Jeddah,Saudi Arabia,2024-03-09T17:00:00+00:00,81,Oscar PIASTRI,O PIASTRI,McLaren,AUS,92.31,97.48112244897959,1,5,4
2024,3,9488,Melbourne,Australia,2024-03-24T04:00:00+00:00,1,Max VERSTAPPEN,M VERSTAPPEN,Red Bull Racing,NED,83.115,83.607,-18,1,19
2024,3,9488,Melbourne,Australia,2024-03-24T04:00:00+00:00,3,Daniel RICCIARDO,D RICCIARDO,RB,AUS,81.239,84.7109090909091,6,18,12
2024,3,9488,Melbourne,Australia,2024-03-24T04:00:00+00:00,4,Lando NORRIS,L NORRIS,McLaren,GBR,79.915,83.25625000000001,0,3,3
2024,3,9488,Melbourne,Australia,2024-03-24T04:00:00+00:00,10,Pierre GASLY,P GASLY,Alpine,FRA,81.09,85.09807142857143,4,17,13
2024,3,9488,Melbourne,Australia,2024-03-24T04:00:00+00:00,11,Sergio PEREZ,S PEREZ,Red Bull Racing,MEX,80.388,84.04778947368422,1,6,5
2024,3,9488,Melbourne,Australia,2024-03-24T04:00:00+00:00,14,Fernando ALONSO,F ALONSO,Aston Martin,ESP,80.493,84.44442105263158,4,10,6
2024,3,9488,Melbourne,Australia,2024-03-24T04:00:00+00:00,16,Charles LECLERC,C LECLERC,Ferrari,MON,79.813,82.91152727272727,2,4,2
2024,3,9488,Melbourne,Australia,2024-03-24T04:00:00+00:00,18,Lance STROLL,L STROLL,Aston Martin,CAN,80.93,84.68824561403508,2,9,7
2024,3,9488,Melbourne,Australia,2024-03-24T04:00:00+00:00,20,Kevin MAGNUSSEN,K MAGNUSSEN,Haas F1 Team,DEN,81.082,84.58058181818181,4,14,10
2024,3,9488,Melbourne,Australia,2024-03-24T04:00:00+00:00,22,Yuki TSUNODA,Y TSUNODA,RB,JPN,81.134,84.72173684210526,0,8,8
2024,3,9488,Melbourne,Australia,2024-03-24T04:00:00+00:00,23,Alexander ALBON,A ALBON,Williams,THA,81.618,84.57321428571429,1,12,11
2024,3,9488,Melbourne,Australia,2024-03-24T04:00:00+00:00,24,ZHOU Guanyu,G ZHOU,Kick Sauber,CHN,81.327,85.22223214285714,4,19,15
2024,3,9488,Melbourne,Australia,2024-03-24T04:00:00+00:00,27,Nico HULKENBERG,N HULKENBERG,Haas F1 Team,GER,81.145,84.81536842105263,7,16,9
2024,3,9488,Melbourne,Australia,2024-03-24T04:00:00+00:00,31,Esteban OCON,E OCON,Alpine,FRA,81.354,85.43819642857143,-1,15,16
2024,3,9488,Melbourne,Australia,2024-03-24T04:00:00+00:00,44,Lewis HAMILTON,L HAMILTON,Mercedes,GBR,82.444,84.62414285714286,-7,11,18
2024,3,9488,Melbourne,Australia,2024-03-24T04:00:00+00:00,55,Carlos SAINZ,C SAINZ,Ferrari,ESP,80.031,83.13101754385964,1,2,1
2024,3,9488,Melbourne,Australia,2024-03-24T04:00:00+00:00,63,George RUSSELL,G RUSSELL,Mercedes,GBR,80.284,83.50589090909091,-10,7,17
2024,3,9488,Melbourne,Australia,2024-03-24T04:00:00+00:00,77,Valtteri BOTTAS,V BOTTAS,Kick Sauber,FIN,81.422,85.25725,-1,13,14
2024,3,9488,Melbourne,Australia,2024-03-24T04:00:00+00:00,81,Oscar PIASTRI,O PIASTRI,McLaren,AUS,80.199,83.71187719298246,1,5,4
2024,4,9496,Suzuka,Japan,2024-04-07T05:00:00+00:00,1,Max VERSTAPPEN,M VERSTAPPEN,Red Bull Racing,NED,93.706,96.97556,0,1,1
2024,4,9496,Suzuka,Japan,2024-04-07T05:00:00+00:00,2,Logan SARGEANT,L SARGEANT,Williams,USA,94.9,100.86692000000001,2,19,17
2024,4,9496,Suzuka,Japan,2024-04-07T05:00:00+00:00,3,Daniel RICCIARDO,D RICCIARDO,RB,AUS,,,-8,11,19
2024,4,9496,Suzuka,Japan,2024-04-07T05:00:00+00:00,4,Lando NORRIS,L NORRIS,McLaren,GBR,95.186,97.5316,-2,3,5
2024,4,9496,Suzuka,Japan,2024-04-07T05:00:00+00:00,10,Pierre GASLY,P GASLY,Alpine,FRA,96.642,100.67366,1,17,16
2024,4,9496,Suzuka,Japan,2024-04-07T05:00:00+00:00,11,Sergio PEREZ,S PEREZ,Red Bull Racing,MEX,93.945,97.20644,0,2,2
2024,4,9496,Suzuka,Japan,2024-04-07T05:00:00+00:00,14,Fernando ALONSO,F ALONSO,Aston Martin,ESP,94.726,97.77828571428573,-1,5,6
2024,4,9496,Suzuka,Japan,2024-04-07T05:00:00+00:00,16,Charles LECLERC,C LECLERC,Ferrari,MON,95.044,98.50862745098038,4,8,4
2024,4,9496,Suzuka,Japan,2024-04-07T05:00:00+00:00,18,Lance STROLL,L STROLL,Aston Martin,CAN,95.798,99.01967346938775,4,16,12
2024,4,9496,Suzuka,Japan,2024-04-07T05:00:00+00:00,20,Kevin MAGNUSSEN,K MAGNUSSEN,Haas F1 Team,DEN,96.654,99.81504000000001,5,18,13
2024,4,9496,Suzuka,Japan,2024-04-07T05:00:00+00:00,22,Yuki TSUNODA,Y TSUNODA,RB,JPN,96.342,98.86569387755102,0,10,10
2024,4,9496,Suzuka,Japan,2024-04-07T05:00:00+00:00,23,Alexander ALBON,A ALBON,Williams,THA,,,-6,14,20
2024,4,9496,Suzuka,Japan,2024-04-07T05:00:00+00:00,24,ZHOU Guanyu,G ZHOU,Kick Sauber,CHN,97.16,107.43509999999999,2,20,18
2024,4,9496,Suzuka,Japan,2024-04-07T05:00:00+00:00,27,Nico HULKENBERG,N HULKENBERG,Haas F1 Team,GER,95.325,99.98559999999999,1,12,11
2024,4,9496,Suzuka,Japan,2024-04-07T05:00:00+00:00,31,Esteban OCON,E OCON,Alpine,FRA,96.232,100.45884,0,15,15
2024,4,9496,Suzuka,Japan,2024-04-07T05:00:00+00:00,44,Lewis HAMILTON,L HAMILTON,Mercedes,GBR,93.952,99.00986274509803,-2,7,9
2024,4,9496,Suzuka,Japan,2024-04-07T05:00:00+00:00,55,Carlos SAINZ,C SAINZ,Ferrari,ESP,93.841,97.34557999999998,1,4,3
2024,4,9496,Suzuka,Japan,2024-04-07T05:00:00+00:00,63,George RUSSELL,G RUSSELL,Mercedes,GBR,94.404,98.8453137254902,2,9,7
2024,4,9496,Suzuka,Japan,2024-04-07T05:00:00+00:00,77,Valtteri BOTTAS,V BOTTAS,Kick Sauber,FIN,96.608,100.1829,-1,13,14
2024,4,9496,Suzuka,Japan,2024-04-07T05:00:00+00:00,81,Oscar PIASTRI,O PIASTRI,McLaren,AUS,94.802,99.06888235294117,-2,6,8
2024,5,9673,Shanghai,China,2024-04-21T07:00:00+00:00,1,Max VERSTAPPEN,M VERSTAPPEN,Red Bull Racing,NED,98.406,108.20047272727273,0,1,1
2024,5,9673,Shanghai,China,2024-04-21T07:00:00+00:00,2,Logan SARGEANT,L SARGEANT,Williams,USA,101.0,109.55516363636363,3,20,17
2024,5,9673,Shanghai,China,2024-04-21T07:00:00+00:00,3,Daniel RICCIARDO,D RICCIARDO,RB,AUS,100.994,115.2129375,-6,12,18
2024,5,9673,Shanghai,China,2024-04-21T07:00:00+00:00,4,Lando NORRIS,L NORRIS,McLaren,GBR,98.751,108.39641818181818,2,4,2
2024,5,9673,Shanghai,China,2024-04-21T07:00:00+00:00,10,Pierre GASLY,P GASLY,Alpine,FRA,99.198,109.30672727272727,2,15,13
2024,5,9673,Shanghai,China,2024-04-21T07:00:00+00:00,11,Sergio PEREZ,S PEREZ,Red Bull Racing,MEX,99.388,108.50443636363636,-1,2,3
2024,5,9673,Shanghai,China,2024-04-21T07:00:00+00:00,14,Fernando ALONSO,F ALONSO,Aston Martin,ESP,97.81,108.9599090909091,-4,3,7
2024,5,9673,Shanghai,China,2024-04-21T07:00:00+00:00,16,Charles LECLERC,C LECLERC,Ferrari,MON,99.384,108.5398,2,6,4
2024,5,9673,Shanghai,China,2024-04-21T07:00:00+00:00,18,Lance STROLL,L STROLL,Aston Martin,CAN,99.444,107.52018518518518,-4,11,15
2024,5,9673,Shanghai,China,2024-04-21T07:00:00+00:00,20,Kevin MAGNUSSEN,K MAGNUSSEN,Haas F1 Team,DEN,101.077,109.43638181818183,1,17,16
2024,5,9673,Shanghai,China,2024-04-21T07:00:00+00:00,22,Yuki TSUNODA,Y TSUNODA,RB,JPN,101.593,111.06360000000001,0,19,19
2024,5,9673,Shanghai,China,2024-04-21T07:00:00+00:00,23,Alexander ALBON,A ALBON,Williams,THA,100.79,109.24901818181819,2,14,12
2024,5,9673,Shanghai,China,2024-04-21T07:00:00+00:00,24,ZHOU Guanyu,G ZHOU,Kick Sauber,CHN,98.633,109.33767272727273,2,16,14
2024,5,9673,Shanghai,China,2024-04-21T07:00:00+00:00,27,Nico HULKENBERG,N HULKENBERG,Haas F1 Team,GER,100.815,109.1998,-1,9,10
2024,5,9673,Shanghai,China,2024-04-21T07:00:00+00:00,31,Esteban OCON,E OCON,Alpine,FRA,100.937,109.20852727272727,2,13,11
2024,5,9673,Shanghai,China,2024-04-21T07:00:00+00:00,44,Lewis HAMILTON,L HAMILTON,Mercedes,GBR,100.835,109.07341818181817,9,18,9
2024,5,9673,Shanghai,China,2024-04-21T07:00:00+00:00,55,Carlos SAINZ,C SAINZ,Ferrari,ESP,99.764,108.71618181818182,2,7,5
2024,5,9673,Shanghai,China,2024-04-21T07:00:00+00:00,63,George RUSSELL,G RUSSELL,Mercedes,GBR,100.112,108.82785454545454,2,8,6
2024,5,9673,Shanghai,China,2024-04-21T07:00:00+00:00,77,Valtteri BOTTAS,V BOTTAS,Kick Sauber,FIN,101.276,103.90950000000001,-10,10,20
2024,5,9673,Shanghai,China,2024-04-21T07:00:00+00:00,81,Oscar PIASTRI,O PIASTRI,McLaren,AUS,99.739,109.15692727272727,-3,5,8
2024,6,9523,Monaco,Monaco,2024-05-26T13:00:00+00:00,1,Max VERSTAPPEN,M VERSTAPPEN,Red Bull Racing,NED,74.569,79.6164025974026,0,6,6
2024,6,9523,Monaco,Monaco,2024-05-26T13:00:00+00:00,2,Logan SARGEANT,L SARGEANT,Williams,USA,75.525,81.16962666666666,0,15,15
2024,6,9523,Monaco,Monaco,2024-05-26T13:00:00+00:00,3,Daniel RICCIARDO,D RICCIARDO,RB,AUS,77.172,81.22948000000001,0,12,12
2024,6,9523,Monaco,Monaco,2024-05-26T13:00:00+00:00,4,Lando NORRIS,L NORRIS,McLaren,GBR,75.742,78.53284210526316,0,4,4
2024,6,9523,Monaco,Monaco,2024-05-26T13:00:00+00:00,10,Pierre GASLY,P GASLY,Alpine,FRA,75.625,81.02763157894738,0,10,10
2024,6,9523,Monaco,Monaco,2024-05-26T13:00:00+00:00,11,Sergio PEREZ,S PEREZ,Red Bull Racing,MEX,,,-2,16,18
2024,6,9523,Monaco,Monaco,2024-05-26T13:00:00+00:00,14,Fernando ALONSO,F ALONSO,Aston Martin,ESP,77.939,81.14965333333333,3,14,11
2024,6,9523,Monaco,Monaco,2024-05-26T13:00:00+00:00,16,Charles LECLERC,C LECLERC,Ferrari,MON,75.162,78.43903947368422,0,1,1
2024,6,9523,Monaco,Monaco,2024-05-26T13:00:00+00:00,18,Lance STROLL,L STROLL,Aston Martin,CAN,76.71,81.31830666666666,-1,13,14
2024,6,9523,Monaco,Monaco,2024-05-26T13:00:00+00:00,20,Kevin MAGNUSSEN,K MAGNUSSEN,Haas F1 Team,DEN,,,0,20,20
2024,6,9523,Monaco,Monaco,2024-05-26T13:00:00+00:00,22,Yuki TSUNODA,Y TSUNODA,RB,JPN,74.72,80.87410526315789,0,8,8
2024,6,9523,Monaco,Monaco,2024-05-26T13:00:00+00:00,23,Alexander ALBON,A ALBON,Williams,THA,77.06,80.98406578947368,0,9,9
2024,6,9523,Monaco,Monaco,2024-05-26T13:00:00+00:00,24,ZHOU Guanyu,G ZHOU,Kick Sauber,CHN,74.718,81.66081333333332,2,18,16
2024,6,9523,Monaco,Monaco,2024-05-26T13:00:00+00:00,27,Nico HULKENBERG,N HULKENBERG,Haas F1 Team,GER,,,0,19,19
2024,6,9523,Monaco,Monaco,2024-05-26T13:00:00+00:00,31,Esteban OCON,E OCON,Alpine,FRA,,,-6,11,17
2024,6,9523,Monaco,Monaco,2024-05-26T13:00:00+00:00,44,Lewis HAMILTON,L HAMILTON,Mercedes,GBR,74.165,79.56698701298701,0,7,7
2024,6,9523,Monaco,Monaco,2024-05-26T13:00:00+00:00,55,Carlos SAINZ,C SAINZ,Ferrari,ESP,74.726,78.52307894736842,0,3,3
2024,6,9523,Monaco,Monaco,2024-05-26T13:00:00+00:00,63,George RUSSELL,G RUSSELL,Mercedes,GBR,75.228,79.67505194805196,0,5,5
2024,6,9523,Monaco,Monaco,2024-05-26T13:00:00+00:00,77,Valtteri BOTTAS,V BOTTAS,Kick Sauber,FIN,76.561,81.03563513513514,4,17,13
2024,6,9523,Monaco,Monaco,2024-05-26T13:00:00+00:00,81,Oscar PIASTRI,O PIASTRI,McLaren,AUS,76.281,78.46871999999999,0,2,2
2024,7,9531,Montréal,Canada,2024-06-09T18:00:00+00:00,1,Max VERSTAPPEN,M VERSTAPPEN,Red Bull Racing,NED,75.569,90.47730434782609,1,2,1
2024,7,9531,Montréal,Canada,2024-06-09T18:00:00+00:00,2,Logan SARGEANT,L SARGEANT,Williams,USA,86.484,93.0379090909091,-7,13,20
2024,7,9531,Montréal,Canada,2024-06-09T18:00:00+00:00,3,Daniel RICCIARDO,D RICCIARDO,RB,AUS,77.076,90.80136231884057,-3,5,8
2024,7,9531,Montréal,Canada,2024-06-09T18:00:00+00:00,4,Lando NORRIS,L NORRIS,McLaren,GBR,75.558,90.50846376811594,1,3,2
2024,7,9531,Montréal,Canada,2024-06-09T18:00:00+00:00,10,Pierre GASLY,P GASLY,Alpine,FRA,77.013,90.68531884057971,6,15,9
2024,7,9531,Montréal,Canada,2024-06-09T18:00:00+00:00,11,Sergio PEREZ,S PEREZ,Red Bull Racing,MEX,78.819,91.81415999999999,-2,16,18
2024,7,9531,Montréal,Canada,2024-06-09T18:00:00+00:00,14,Fernando ALONSO,F ALONSO,Aston Martin,ESP,76.303,90.66881159420291,0,6,6
2024,7,9531,Montréal,Canada,2024-06-09T18:00:00+00:00,16,Charles LECLERC,C LECLERC,Ferrari,MON,86.012,95.61271794871796,-8,11,19
2024,7,9531,Montréal,Canada,2024-06-09T18:00:00+00:00,18,Lance STROLL,L STROLL,Aston Martin,CAN,76.762,90.70246376811595,2,9,7
2024,7,9531,Montréal,Canada,2024-06-09T18:00:00+00:00,20,Kevin MAGNUSSEN,K MAGNUSSEN,Haas F1 Team,DEN,76.499,90.83120289855073,2,14,12
2024,7,9531,Montréal,Canada,2024-06-09T18:00:00+00:00,22,Yuki TSUNODA,Y TSUNODA,RB,JPN,77.309,91.10023188405798,-6,8,14
2024,7,9531,Montréal,Canada,2024-06-09T18:00:00+00:00,23,Alexander ALBON,A ALBON,Williams,THA,79.359,91.63241176470588,-7,10,17
2024,7,9531,Montréal,Canada,2024-06-09T18:00:00+00:00,24,ZHOU Guanyu,G ZHOU,Kick Sauber,CHN,77.325,92.32194117647059,5,20,15
2024,7,9531,Montréal,Canada,2024-06-09T18:00:00+00:00,27,Nico HULKENBERG,N HULKENBERG,Haas F1 Team,GER,76.683,90.76255072463768,6,17,11
2024,7,9531,Montréal,Canada,2024-06-09T18:00:00+00:00,31,Esteban OCON,E OCON,Alpine,FRA,77.012,90.71469565217392,8,18,10
2024,7,9531,Montréal,Canada,2024-06-09T18:00:00+00:00,44,Lewis HAMILTON,L HAMILTON,Mercedes,GBR,74.856,90.47365217391304,3,7,4
2024,7,9531,Montréal,Canada,2024-06-09T18:00:00+00:00,55,Carlos SAINZ,C SAINZ,Ferrari,ESP,78.957,91.58449019607843,-4,12,16
2024,7,9531,Montréal,Canada,2024-06-09T18:00:00+00:00,63,George RUSSELL,G RUSSELL,Mercedes,GBR,74.895,90.55827536231884,-2,1,3
2024,7,9531,Montréal,Canada,2024-06-09T18:00:00+00:00,77,Valtteri BOTTAS,V BOTTAS,Kick Sauber,FIN,77.25,90.82039130434782,6,19,13
2024,7,9531,Montréal,Canada,2024-06-09T18:00:00+00:00,81,Oscar PIASTRI,O PIASTRI,McLaren,AUS,76.247,90.57489855072463,-1,4,5
2024,8,9539,Barcelona,Spain,2024-06-23T13:00:00+00:00,1,Max VERSTAPPEN,M VERSTAPPEN,Red Bull Racing,NED,77.776,80.26216923076923,1,2,1
2024,8,9539,Barcelona,Spain,2024-06-23T13:00:00+00:00,2,Logan SARGEANT,L SARGEANT,Williams,USA,80.172,82.75533333333334,-1,19,20
2024,8,9539,Barcelona,Spain,2024-06-23T13:00:00+00:00,3,Daniel RICCIARDO,D RICCIARDO,RB,AUS,79.45,82.07071875,3,18,15
2024,8,9539,Barcelona,Spain,2024-06-23T13:00:00+00:00,4,Lando NORRIS,L NORRIS,McLaren,GBR,77.115,80.2845076923077,-1,1,2
2024,8,9539,Barcelona,Spain,2024-06-23T13:00:00+00:00,10,Pierre GASLY,P GASLY,Alpine,FRA,79.045,81.16412307692308,-2,7,9
2024,8,9539,Barcelona,Spain,2024-06-23T13:00:00+00:00,11,Sergio PEREZ,S PEREZ,Red Bull Racing,MEX,77.785,81.11415873015874,3,11,8
2024,8,9539,Barcelona,Spain,2024-06-23T13:00:00+00:00,14,Fernando ALONSO,F ALONSO,Aston Martin,ESP,78.334,81.57084375,-2,10,12
2024,8,9539,Barcelona,Spain,2024-06-23T13:00:00+00:00,16,Charles LECLERC,C LECLERC,Ferrari,MON,77.897,80.57712307692307,0,5,5
2024,8,9539,Barcelona,Spain,2024-06-23T13:00:00+00:00,18,Lance STROLL,L STROLL,Aston Martin,CAN,79.318,81.810515625,0,14,14
2024,8,9539,Barcelona,Spain,2024-06-23T13:00:00+00:00,20,Kevin MAGNUSSEN,K MAGNUSSEN,Haas F1 Team,DEN,79.805,82.25596875,-1,16,17
2024,8,9539,Barcelona,Spain,2024-06-23T13:00:00+00:00,22,Yuki TSUNODA,Y TSUNODA,RB,JPN,79.447,82.403234375,-2,17,19
2024,8,9539,Barcelona,Spain,2024-06-23T13:00:00+00:00,23,Alexander ALBON,A ALBON,Williams,THA,79.132,82.257125,2,20,18
2024,8,9539,Barcelona,Spain,2024-06-23T13:00:00+00:00,24,ZHOU Guanyu,G ZHOU,Kick Sauber,CHN,78.771,81.635171875,2,15,13
2024,8,9539,Barcelona,Spain,2024-06-23T13:00:00+00:00,27,Nico HULKENBERG,N HULKENBERG,Haas F1 Team,GER,78.609,81.28015625,2,13,11
2024,8,9539,Barcelona,Spain,2024-06-23T13:00:00+00:00,31,Esteban OCON,E OCON,Alpine,FRA,78.982,81.3236875,-2,8,10
2024,8,9539,Barcelona,Spain,2024-06-23T13:00:00+00:00,44,Lewis HAMILTON,L HAMILTON,Mercedes,GBR,77.809,80.51655384615384,0,3,3
2024,8,9539,Barcelona,Spain,2024-06-23T13:00:00+00:00,55,Carlos SAINZ,C SAINZ,Ferrari,ESP,78.539,80.69492307692308,0,6,6
2024,8,9539,Barcelona,Spain,2024-06-23T13:00:00+00:00,63,George RUSSELL,G RUSSELL,Mercedes,GBR,78.29,80.61506153846155,0,4,4
2024,8,9539,Barcelona,Spain,2024-06-23T13:00:00+00:00,77,Valtteri BOTTAS,V BOTTAS,Kick Sauber,FIN,79.608,82.242796875,-4,12,16
2024,8,9539,Barcelona,Spain,2024-06-23T13:00:00+00:00,81,Oscar PIASTRI,O PIASTRI,McLaren,AUS,77.874,80.720578125,2,9,7
2024,9,9550,Spielberg,Austria,2024-06-30T13:00:00+00:00,1,Max VERSTAPPEN,M VERSTAPPEN,Red Bull Racing,NED,67.719,71.68572857142857,-4,1,5
2024,9,9550,Spielberg,Austria,2024-06-30T13:00:00+00:00,2,Logan SARGEANT,L SARGEANT,Williams,USA,70.406,73.3015,0,19,19
2024,9,9550,Spielberg,Austria,2024-06-30T13:00:00+00:00,3,Daniel RICCIARDO,D RICCIARDO,RB,AUS,70.426,72.0645072463768,2,11,9
2024,9,9550,Spielberg,Austria,2024-06-30T13:00:00+00:00,4,Lando NORRIS,L NORRIS,McLaren,GBR,68.016,71.70925396825398,-18,2,20
2024,9,9550,Spielberg,Austria,2024-06-30T13:00:00+00:00,10,Pierre GASLY,P GASLY,Alpine,FRA,69.609,72.07792857142857,3,13,10
2024,9,9550,Spielberg,Austria,2024-06-30T13:00:00+00:00,11,Sergio PEREZ,S PEREZ,Red Bull Racing,MEX,69.694,72.01778571428571,1,8,7
2024,9,9550,Spielberg,Austria,2024-06-30T13:00:00+00:00,14,Fernando ALONSO,F ALONSO,Aston Martin,ESP,67.694,72.90652173913044,-3,15,18
2024,9,9550,Spielberg,Austria,2024-06-30T13:00:00+00:00,16,Charles LECLERC,C LECLERC,Ferrari,MON,69.584,72.11098571428572,-5,6,11
2024,9,9550,Spielberg,Austria,2024-06-30T13:00:00+00:00,18,Lance STROLL,L STROLL,Aston Martin,CAN,70.143,72.3463768115942,4,17,13
2024,9,9550,Spielberg,Austria,2024-06-30T13:00:00+00:00,20,Kevin MAGNUSSEN,K MAGNUSSEN,Haas F1 Team,DEN,70.125,72.06181428571429,4,12,8
2024,9,9550,Spielberg,Austria,2024-06-30T13:00:00+00:00,22,Yuki TSUNODA,Y TSUNODA,RB,JPN,70.318,72.40359420289855,0,14,14
2024,9,9550,Spielberg,Austria,2024-06-30T13:00:00+00:00,23,Alexander ALBON,A ALBON,Williams,THA,70.364,72.38523529411765,1,16,15
2024,9,9550,Spielberg,Austria,2024-06-30T13:00:00+00:00,24,ZHOU Guanyu,G ZHOU,Kick Sauber,CHN,70.47,72.81301470588235,3,20,17
2024,9,9550,Spielberg,Austria,2024-06-30T13:00:00+00:00,27,Nico HULKENBERG,N HULKENBERG,Haas F1 Team,GER,70.215,71.98782608695652,3,9,6
2024,9,9550,Spielberg,Austria,2024-06-30T13:00:00+00:00,31,Esteban OCON,E OCON,Alpine,FRA,69.649,72.19171428571428,-2,10,12
2024,9,9550,Spielberg,Austria,2024-06-30T13:00:00+00:00,44,Lewis HAMILTON,L HAMILTON,Mercedes,GBR,69.562,71.58714285714287,1,5,4
2024,9,9550,Spielberg,Austria,2024-06-30T13:00:00+00:00,55,Carlos SAINZ,C SAINZ,Ferrari,ESP,69.282,71.3125,1,4,3
2024,9,9550,Spielberg,Austria,2024-06-30T13:00:00+00:00,63,George RUSSELL,G RUSSELL,Mercedes,GBR,69.164,71.28057971014492,2,3,1
2024,9,9550,Spielberg,Austria,2024-06-30T13:00:00+00:00,77,Valtteri BOTTAS,V BOTTAS,Kick Sauber,FIN,70.449,72.48195652173914,2,18,16
2024,9,9550,Spielberg,Austria,2024-06-30T13:00:00+00:00,81,Oscar PIASTRI,O PIASTRI,McLaren,AUS,68.697,71.25362857142856,5,7,2
2024,10,9558,Silverstone,Great Britain,2024-07-07T14:00:00+00:00,1,Max VERSTAPPEN,M VERSTAPPEN,Red Bull Racing,NED,88.952,95.13358823529411,2,4,2
2024,10,9558,Silverstone,Great Britain,2024-07-07T14:00:00+00:00,2,Logan SARGEANT,L SARGEANT,Williams,USA,89.972,96.7499411764706,1,12,11
2024,10,9558,Silverstone,Great Britain,2024-07-07T14:00:00+00:00,3,Daniel RICCIARDO,D RICCIARDO,RB,AUS,90.735,97.08562,2,15,13
2024,10,9558,Silverstone,Great Britain,2024-07-07T14:00:00+00:00,4,Lando NORRIS,L NORRIS,McLaren,GBR,89.262,95.24037254901961,0,3,3
2024,10,9558,Silverstone,Great Britain,2024-07-07T14:00:00+00:00,10,Pierre GASLY,P GASLY,Alpine,FRA,,,-1,19,20
2024,10,9558,Silverstone,Great Britain,2024-07-07T14:00:00+00:00,11,Sergio PEREZ,S PEREZ,Red Bull Racing,MEX,89.707,99.094,3,20,17
2024,10,9558,Silverstone,Great Britain,2024-07-07T14:00:00+00:00,14,Fernando ALONSO,F ALONSO,Aston Martin,ESP,89.71,96.2776862745098,2,10,8
2024,10,9558,Silverstone,Great Britain,2024-07-07T14:00:00+00:00,16,Charles LECLERC,C LECLERC,Ferrari,MON,89.748,97.75738,-3,11,14
2024,10,9558,Silverstone,Great Britain,2024-07-07T14:00:00+00:00,18,Lance STROLL,L STROLL,Aston Martin,CAN,89.897,96.16705882352942,1,8,7
2024,10,9558,Silverstone,Great Britain,2024-07-07T14:00:00+00:00,20,Kevin MAGNUSSEN,K MAGNUSSEN,Haas F1 Team,DEN,90.093,96.73590196078432,5,17,12
2024,10,9558,Silverstone,Great Britain,2024-07-07T14:00:00+00:00,22,Yuki TSUNODA,Y TSUNODA,RB,JPN,90.229,96.57358823529411,3,13,10
2024,10,9558,Silverstone,Great Britain,2024-07-07T14:00:00+00:00,23,Alexander ALBON,A ALBON,Williams,THA,89.718,96.3501568627451,0,9,9
2024,10,9558,Silverstone,Great Britain,2024-07-07T14:00:00+00:00,24,ZHOU Guanyu,G ZHOU,Kick Sauber,CHN,91.014,99.98579591836734,-4,14,18
2024,10,9558,Silverstone,Great Britain,2024-07-07T14:00:00+00:00,27,Nico HULKENBERG,N HULKENBERG,Haas F1 Team,GER,89.836,96.12970588235294,0,6,6
2024,10,9558,Silverstone,Great Britain,2024-07-07T14:00:00+00:00,31,Esteban OCON,E OCON,Alpine,FRA,90.875,99.07528571428573,2,18,16
2024,10,9558,Silverstone,Great Britain,2024-07-07T14:00:00+00:00,44,Lewis HAMILTON,L HAMILTON,Mercedes,GBR,89.438,95.11813725490195,1,2,1
2024,10,9558,Silverstone,Great Britain,2024-07-07T14:00:00+00:00,55,Carlos SAINZ,C SAINZ,Ferrari,ESP,88.293,95.9936862745098,2,7,5
2024,10,9558,Silverstone,Great Britain,2024-07-07T14:00:00+00:00,63,George RUSSELL,G RUSSELL,Mercedes,GBR,91.298,96.1395625,-18,1,19
2024,10,9558,Silverstone,Great Britain,2024-07-07T14:00:00+00:00,77,Valtteri BOTTAS,V BOTTAS,Kick Sauber,FIN,91.277,97.6918,1,16,15
2024,10,9558,Silverstone,Great Britain,2024-07-07T14:00:00+00:00,81,Oscar PIASTRI,O PIASTRI,McLaren,AUS,88.748,95.32313725490195,1,5,4
2024,11,9566,Budapest,Hungary,2024-07-21T13:00:00+00:00,1,Max VERSTAPPEN,M VERSTAPPEN,Red Bull Racing,NED,80.908,84.27539130434783,-2,3,5
2024,11,9566,Budapest,Hungary,2024-07-21T13:00:00+00:00,2,Logan SARGEANT,L SARGEANT,Williams,USA,80.561,85.83760294117647,-3,14,17
2024,11,9566,Budapest,Hungary,2024-07-21T13:00:00+00:00,3,Daniel RICCIARDO,D RICCIARDO,RB,AUS,82.64,85.37623529411765,-3,9,12
2024,11,9566,Budapest,Hungary,2024-07-21T13:00:00+00:00,4,Lando NORRIS,L NORRIS,McLaren,GBR,81.712,83.99997014925373,-1,1,2
2024,11,9566,Budapest,Hungary,2024-07-21T13:00:00+00:00,10,Pierre GASLY,P GASLY,Alpine,FRA,83.34,86.27053125,0,20,20
2024,11,9566,Budapest,Hungary,2024-07-21T13:00:00+00:00,11,Sergio PEREZ,S PEREZ,Red Bull Racing,MEX,81.096,84.41072463768116,9,16,7
2024,11,9566,Budapest,Hungary,2024-07-21T13:00:00+00:00,14,Fernando ALONSO,F ALONSO,Aston Martin,ESP,83.063,85.10975362318841,-4,7,11
2024,11,9566,Budapest,Hungary,2024-07-21T13:00:00+00:00,16,Charles LECLERC,C LECLERC,Ferrari,MON,82.182,84.20952173913044,2,6,4
2024,11,9566,Budapest,Hungary,2024-07-21T13:00:00+00:00,18,Lance STROLL,L STROLL,Aston Martin,CAN,82.338,85.03108695652175,-2,8,10
2024,11,9566,Budapest,Hungary,2024-07-21T13:00:00+00:00,20,Kevin MAGNUSSEN,K MAGNUSSEN,Haas F1 Team,DEN,83.553,85.78608823529412,0,15,15
2024,11,9566,Budapest,Hungary,2024-07-21T13:00:00+00:00,22,Yuki TSUNODA,Y TSUNODA,RB,JPN,83.533,84.98843478260869,1,10,9
2024,11,9566,Budapest,Hungary,2024-07-21T13:00:00+00:00,23,Alexander ALBON,A ALBON,Williams,THA,83.93,85.66938235294117,-1,13,14
2024,11,9566,Budapest,Hungary,2024-07-21T13:00:00+00:00,24,ZHOU Guanyu,G ZHOU,Kick Sauber,CHN,83.487,85.99447058823529,-1,18,19
2024,11,9566,Budapest,Hungary,2024-07-21T13:00:00+00:00,27,Nico HULKENBERG,N HULKENBERG,Haas F1 Team,GER,83.461,85.57723529411766,-2,11,13
2024,11,9566,Budapest,Hungary,2024-07-21T13:00:00+00:00,31,Esteban OCON,E OCON,Alpine,FRA,81.61,85.97804411764706,1,19,18
2024,11,9566,Budapest,Hungary,2024-07-21T13:00:00+00:00,44,Lewis HAMILTON,L HAMILTON,Mercedes,GBR,82.153,84.15402898550724,2,5,3
2024,11,9566,Budapest,Hungary,2024-07-21T13:00:00+00:00,55,Carlos SAINZ,C SAINZ,Ferrari,ESP,81.441,84.24195652173913,-2,4,6
2024,11,9566,Budapest,Hungary,2024-07-21T13:00:00+00:00,63,George RUSSELL,G RUSSELL,Mercedes,GBR,80.305,84.4556811594203,9,17,8
2024,11,9566,Budapest,Hungary,2024-07-21T13:00:00+00:00,77,Valtteri BOTTAS,V BOTTAS,Kick Sauber,FIN,82.792,85.76423529411764,-4,12,16
2024,11,9566,Budapest,Hungary,2024-07-21T13:00:00+00:00,81,Oscar PIASTRI,O PIASTRI,McLaren,AUS,81.716,83.98902898550725,1,2,1
2024,12,9574,Spa-Francorchamps,Belgium,2024-07-28T13:00:00+00:00,1,Max VERSTAPPEN,M VERSTAPPEN,Red Bull Racing,NED,106.128,109.0484418604651,6,11,5
2024,12,9574,Spa-Francorchamps,Belgium,2024-07-28T13:00:00+00:00,2,Logan SARGEANT,L SARGEANT,Williams,USA,107.49,110.71876744186046,0,18,18
2024,12,9574,Spa-Francorchamps,Belgium,2024-07-28T13:00:00+00:00,3,Daniel RICCIARDO,D RICCIARDO,RB,AUS,107.435,110.11588095238096,2,13,11
2024,12,9574,Spa-Francorchamps,Belgium,2024-07-28T13:00:00+00:00,4,Lando NORRIS,L NORRIS,McLaren,GBR,105.563,109.09681395348838,-2,4,6
2024,12,9574,Spa-Francorchamps,Belgium,2024-07-28T13:00:00+00:00,10,Pierre GASLY,P GASLY,Alpine,FRA,107.418,110.29886046511628,-2,12,14
2024,12,9574,Spa-Francorchamps,Belgium,2024-07-28T13:00:00+00:00,11,Sergio PEREZ,S PEREZ,Red Bull Racing,MEX,104.701,109.92548837209303,-6,2,8
2024,12,9574,Spa-Francorchamps,Belgium,2024-07-28T13:00:00+00:00,14,Fernando ALONSO,F ALONSO,Aston Martin,ESP,108.051,110.01104761904762,-1,8,9
2024,12,9574,Spa-Francorchamps,Belgium,2024-07-28T13:00:00+00:00,16,Charles LECLERC,C LECLERC,Ferrari,MON,107.013,109.15527906976743,-3,1,4
2024,12,9574,Spa-Francorchamps,Belgium,2024-07-28T13:00:00+00:00,18,Lance STROLL,L STROLL,Aston Martin,CAN,108.105,110.24262790697675,3,15,12
2024,12,9574,Spa-Francorchamps,Belgium,2024-07-28T13:00:00+00:00,20,Kevin MAGNUSSEN,K MAGNUSSEN,Haas F1 Team,DEN,107.848,110.30053488372093,2,17,15
2024,12,9574,Spa-Francorchamps,Belgium,2024-07-28T13:00:00+00:00,22,Yuki TSUNODA,Y TSUNODA,RB,JPN,107.969,110.51479069767443,3,20,17
2024,12,9574,Spa-Francorchamps,Belgium,2024-07-28T13:00:00+00:00,23,Alexander ALBON,A ALBON,Williams,THA,107.996,110.31093023255814,-3,10,13
2024,12,9574,Spa-Francorchamps,Belgium,2024-07-28T13:00:00+00:00,24,ZHOU Guanyu,G ZHOU,Kick Sauber,CHN,112.099,119.36933333333333,-1,19,20
2024,12,9574,Spa-Francorchamps,Belgium,2024-07-28T13:00:00+00:00,27,Nico HULKENBERG,N HULKENBERG,Haas F1 Team,GER,108.954,110.83062790697673,-3,16,19
2024,12,9574,Spa-Francorchamps,Belgium,2024-07-28T13:00:00+00:00,31,Esteban OCON,E OCON,Alpine,FRA,106.957,110.04058139534884,-1,9,10
2024,12,9574,Spa-Francorchamps,Belgium,2024-07-28T13:00:00+00:00,44,Lewis HAMILTON,L HAMILTON,Mercedes,GBR,106.653,108.95037209302326,1,3,2
2024,12,9574,Spa-Francorchamps,Belgium,2024-07-28T13:00:00+00:00,55,Carlos SAINZ,C SAINZ,Ferrari,ESP,106.364,109.33872093023255,0,7,7
2024,12,9574,Spa-Francorchamps,Belgium,2024-07-28T13:00:00+00:00,63,George RUSSELL,G RUSSELL,Mercedes,GBR,107.301,108.93247619047618,5,6,1
2024,12,9574,Spa-Francorchamps,Belgium,2024-07-28T13:00:00+00:00,77,Valtteri BOTTAS,V BOTTAS,Kick Sauber,FIN,107.019,110.43993023255815,-2,14,16
2024,12,9574,Spa-Francorchamps,Belgium,2024-07-28T13:00:00+00:00,81,Oscar PIASTRI,O PIASTRI,McLaren,AUS,105.84,108.92941860465116,2,5,3
2024,13,9582,Zandvoort,Netherlands,2024-08-25T13:00:00+00:00,1,Max VERSTAPPEN,M VERSTAPPEN,Red Bull Racing,NED,74.752,75.90621428571428,0,2,2
2024,13,9582,Zandvoort,Netherlands,2024-08-25T13:00:00+00:00,2,Logan SARGEANT,L SARGEANT,Williams,USA,75.539,77.44239999999999,2,18,16
2024,13,9582,Zandvoort,Netherlands,2024-08-25T13:00:00+00:00,3,Daniel RICCIARDO,D RICCIARDO,RB,AUS,75.222,76.83765714285715,1,13,12
2024,13,9582,Zandvoort,Netherlands,2024-08-25T13:00:00+00:00,4,Lando NORRIS,L NORRIS,McLaren,GBR,73.817,75.55832394366196,0,1,1
2024,13,9582,Zandvoort,Netherlands,2024-08-25T13:00:00+00:00,10,Pierre GASLY,P GASLY,Alpine,FRA,74.855,76.7067,0,9,9
2024,13,9582,Zandvoort,Netherlands,2024-08-25T13:00:00+00:00,11,Sergio PEREZ,S PEREZ,Red Bull Racing,MEX,74.587,76.07225352112677,-1,5,6
2024,13,9582,Zandvoort,Netherlands,2024-08-25T13:00:00+00:00,14,Fernando ALONSO,F ALONSO,Aston Martin,ESP,74.758,76.79752173913043,-3,7,10
2024,13,9582,Zandvoort,Netherlands,2024-08-25T13:00:00+00:00,16,Charles LECLERC,C LECLERC,Ferrari,MON,74.585,75.8821971830986,3,6,3
2024,13,9582,Zandvoort,Netherlands,2024-08-25T13:00:00+00:00,18,Lance STROLL,L STROLL,Aston Martin,CAN,75.255,76.86468571428571,-5,8,13
2024,13,9582,Zandvoort,Netherlands,2024-08-25T13:00:00+00:00,20,Kevin MAGNUSSEN,K MAGNUSSEN,Haas F1 Team,DEN,74.954,77.44735294117648,2,20,18
2024,13,9582,Zandvoort,Netherlands,2024-08-25T13:00:00+00:00,22,Yuki TSUNODA,Y TSUNODA,RB,JPN,75.552,77.49547058823529,-6,11,17
2024,13,9582,Zandvoort,Netherlands,2024-08-25T13:00:00+00:00,23,Alexander ALBON,A ALBON,Williams,THA,74.434,77.10992857142857,5,19,14
2024,13,9582,Zandvoort,Netherlands,2024-08-25T13:00:00+00:00,24,ZHOU Guanyu,G ZHOU,Kick Sauber,CHN,75.724,78.1438115942029,-3,17,20
2024,13,9582,Zandvoort,Netherlands,2024-08-25T13:00:00+00:00,27,Nico HULKENBERG,N HULKENBERG,Haas F1 Team,GER,75.657,76.83287142857144,1,12,11
2024,13,9582,Zandvoort,Netherlands,2024-08-25T13:00:00+00:00,31,Esteban OCON,E OCON,Alpine,FRA,75.39,77.20337142857143,0,15,15
2024,13,9582,Zandvoort,Netherlands,2024-08-25T13:00:00+00:00,44,Lewis HAMILTON,L HAMILTON,Mercedes,GBR,73.878,76.10234285714286,6,14,8
2024,13,9582,Zandvoort,Netherlands,2024-08-25T13:00:00+00:00,55,Carlos SAINZ,C SAINZ,Ferrari,ESP,74.117,75.94622535211268,5,10,5
2024,13,9582,Zandvoort,Netherlands,2024-08-25T13:00:00+00:00,63,George RUSSELL,G RUSSELL,Mercedes,GBR,73.927,76.17474647887325,-3,4,7
2024,13,9582,Zandvoort,Netherlands,2024-08-25T13:00:00+00:00,77,Valtteri BOTTAS,V BOTTAS,Kick Sauber,FIN,75.822,77.70153623188406,-3,16,19
2024,13,9582,Zandvoort,Netherlands,2024-08-25T13:00:00+00:00,81,Oscar PIASTRI,O PIASTRI,McLaren,AUS,74.237,75.91856338028168,-1,3,4
2024,14,9590,Monza,Italy,2024-09-01T13:00:00+00:00,1,Max VERSTAPPEN,M VERSTAPPEN,Red Bull Racing,NED,81.745,85.15971153846155,1,7,6
2024,14,9590,Monza,Italy,2024-09-01T13:00:00+00:00,3,Daniel RICCIARDO,D RICCIARDO,RB,AUS,84.219,85.88605769230769,-1,12,13
2024,14,9590,Monza,Italy,2024-09-01T13:00:00+00:00,4,Lando NORRIS,L NORRIS,McLaren,GBR,81.432,84.57517307692306,-2,1,3
2024,14,9590,Monza,Italy,2024-09-01T13:00:00+00:00,10,Pierre GASLY,P GASLY,Alpine,FRA,83.755,86.36312,-1,14,15
2024,14,9590,Monza,Italy,2024-09-01T13:00:00+00:00,11,Sergio PEREZ,S PEREZ,Red Bull Racing,MEX,82.971,85.44571153846154,0,8,8
2024,14,9590,Monza,Italy,2024-09-01T13:00:00+00:00,14,Fernando ALONSO,F ALONSO,Aston Martin,ESP,82.944,85.70790384615384,0,11,11
2024,14,9590,Monza,Italy,2024-09-01T13:00:00+00:00,16,Charles LECLERC,C LECLERC,Ferrari,MON,83.226,84.48623529411765,3,4,1
2024,14,9590,Monza,Italy,2024-09-01T13:00:00+00:00,18,Lance STROLL,L STROLL,Aston Martin,CAN,82.232,86.83186274509804,-2,17,19
2024,14,9590,Monza,Italy,2024-09-01T13:00:00+00:00,20,Kevin MAGNUSSEN,K MAGNUSSEN,Haas F1 Team,DEN,83.437,85.48265384615385,3,13,10
2024,14,9590,Monza,Italy,2024-09-01T13:00:00+00:00,22,Yuki TSUNODA,Y TSUNODA,RB,JPN,86.198,90.23899999999999,-4,16,20
2024,14,9590,Monza,Italy,2024-09-01T13:00:00+00:00,23,Alexander ALBON,A ALBON,Williams,THA,83.918,85.6965,0,9,9
2024,14,9590,Monza,Italy,2024-09-01T13:00:00+00:00,24,ZHOU Guanyu,G ZHOU,Kick Sauber,CHN,85.092,86.74607843137255,2,20,18
2024,14,9590,Monza,Italy,2024-09-01T13:00:00+00:00,27,Nico HULKENBERG,N HULKENBERG,Haas F1 Team,GER,83.275,86.58976470588235,-7,10,17
2024,14,9590,Monza,Italy,2024-09-01T13:00:00+00:00,31,Esteban OCON,E OCON,Alpine,FRA,84.343,86.23439215686274,1,15,14
2024,14,9590,Monza,Italy,2024-09-01T13:00:00+00:00,43,Franco COLAPINTO,F COLAPINTO,Williams,ARG,83.728,85.88749999999999,6,18,12
2024,14,9590,Monza,Italy,2024-09-01T13:00:00+00:00,44,Lewis HAMILTON,L HAMILTON,Mercedes,GBR,81.512,84.92423529411765,1,6,5
2024,14,9590,Monza,Italy,2024-09-01T13:00:00+00:00,55,Carlos SAINZ,C SAINZ,Ferrari,ESP,83.219,84.75005769230769,1,5,4
2024,14,9590,Monza,Italy,2024-09-01T13:00:00+00:00,63,George RUSSELL,G RUSSELL,Mercedes,GBR,82.036,85.17173076923078,-4,3,7
2024,14,9590,Monza,Italy,2024-09-01T13:00:00+00:00,77,Valtteri BOTTAS,V BOTTAS,Kick Sauber,FIN,83.609,86.50123529411765,3,19,16
2024,14,9590,Monza,Italy,2024-09-01T13:00:00+00:00,81,Oscar PIASTRI,O PIASTRI,McLaren,AUS,81.943,84.534,0,2,2
2024,15,9598,Baku,Azerbaijan,2024-09-15T11:00:00+00:00,1,Max VERSTAPPEN,M VERSTAPPEN,Red Bull Racing,NED,106.798,110.7923,1,6,5
2024,15,9598,Baku,Azerbaijan,2024-09-15T11:00:00+00:00,3,Daniel RICCIARDO,D RICCIARDO,RB,AUS,108.38,112.0197,1,14,13
2024,15,9598,Baku,Azerbaijan,2024-09-15T11:00:00+00:00,4,Lando NORRIS,L NORRIS,McLaren,GBR,105.255,109.80778000000001,11,15,4
2024,15,9598,Baku,Azerbaijan,2024-09-15T11:00:00+00:00,10,Pierre GASLY,P GASLY,Alpine,FRA,108.018,111.41496,6,18,12
2024,15,9598,Baku,Azerbaijan,2024-09-15T11:00:00+00:00,11,Sergio PEREZ,S PEREZ,Red Bull Racing,MEX,107.013,108.48489583333333,-13,4,17
2024,15,9598,Baku,Azerbaijan,2024-09-15T11:00:00+00:00,14,Fernando ALONSO,F ALONSO,Aston Martin,ESP,107.057,110.9215,1,7,6
2024,15,9598,Baku,Azerbaijan,2024-09-15T11:00:00+00:00,16,Charles LECLERC,C LECLERC,Ferrari,MON,107.067,109.53622,-1,1,2
2024,15,9598,Baku,Azerbaijan,2024-09-15T11:00:00+00:00,18,Lance STROLL,L STROLL,Aston Martin,CAN,108.148,110.68331818181818,-6,13,19
2024,15,9598,Baku,Azerbaijan,2024-09-15T11:00:00+00:00,22,Yuki TSUNODA,Y TSUNODA,RB,JPN,110.887,115.30784615384616,-9,11,20
2024,15,9598,Baku,Azerbaijan,2024-09-15T11:00:00+00:00,23,Alexander ALBON,A ALBON,Williams,THA,106.947,110.92712,2,9,7
2024,15,9598,Baku,Azerbaijan,2024-09-15T11:00:00+00:00,24,ZHOU Guanyu,G ZHOU,Kick Sauber,CHN,107.644,112.02096,3,17,14
2024,15,9598,Baku,Azerbaijan,2024-09-15T11:00:00+00:00,27,Nico HULKENBERG,N HULKENBERG,Haas F1 Team,GER,107.691,111.01318367346938,1,12,11
2024,15,9598,Baku,Azerbaijan,2024-09-15T11:00:00+00:00,31,Esteban OCON,E OCON,Alpine,FRA,108.831,111.68126530612244,5,20,15
2024,15,9598,Baku,Azerbaijan,2024-09-15T11:00:00+00:00,43,Franco COLAPINTO,F COLAPINTO,Williams,ARG,107.274,111.01040816326531,0,8,8
2024,15,9598,Baku,Azerbaijan,2024-09-15T11:00:00+00:00,44,Lewis HAMILTON,L HAMILTON,Mercedes,GBR,107.236,110.89407999999999,10,19,9
2024,15,9598,Baku,Azerbaijan,2024-09-15T11:00:00+00:00,50,Oliver BEARMAN,O BEARMAN,Haas F1 Team,GBR,107.048,111.02252,0,10,10
2024,15,9598,Baku,Azerbaijan,2024-09-15T11:00:00+00:00,55,Carlos SAINZ,C SAINZ,Ferrari,ESP,106.866,108.4785625,-15,3,18
2024,15,9598,Baku,Azerbaijan,2024-09-15T11:00:00+00:00,63,George RUSSELL,G RUSSELL,Mercedes,GBR,106.628,109.8583,2,5,3
2024,15,9598,Baku,Azerbaijan,2024-09-15T11:00:00+00:00,77,Valtteri BOTTAS,V BOTTAS,Kick Sauber,FIN,108.418,111.81495918367347,0,16,16
2024,15,9598,Baku,Azerbaijan,2024-09-15T11:00:00+00:00,81,Oscar PIASTRI,O PIASTRI,McLaren,AUS,107.06,109.30208,1,2,1
2024,16,9606,Marina Bay,Singapore,2024-09-22T12:00:00+00:00,1,Max VERSTAPPEN,M VERSTAPPEN,Red Bull Racing,NED,95.967,97.89851666666667,0,2,2
2024,16,9606,Marina Bay,Singapore,2024-09-22T12:00:00+00:00,3,Daniel RICCIARDO,D RICCIARDO,RB,AUS,94.486,100.51746666666666,-2,16,18
2024,16,9606,Marina Bay,Singapore,2024-09-22T12:00:00+00:00,4,Lando NORRIS,L NORRIS,McLaren,GBR,94.925,97.56128333333332,0,1,1
2024,16,9606,Marina Bay,Singapore,2024-09-22T12:00:00+00:00,10,Pierre GASLY,P GASLY,Alpine,FRA,96.927,99.99415,1,18,17
2024,16,9606,Marina Bay,Singapore,2024-09-22T12:00:00+00:00,11,Sergio PEREZ,S PEREZ,Red Bull Racing,MEX,97.477,99.15075,3,13,10
2024,16,9606,Marina Bay,Singapore,2024-09-22T12:00:00+00:00,14,Fernando ALONSO,F ALONSO,Aston Martin,ESP,97.741,99.11766666666668,-1,7,8
2024,16,9606,Marina Bay,Singapore,2024-09-22T12:00:00+00:00,16,Charles LECLERC,C LECLERC,Ferrari,MON,95.371,98.49034426229508,4,9,5
2024,16,9606,Marina Bay,Singapore,2024-09-22T12:00:00+00:00,18,Lance STROLL,L STROLL,Aston Martin,CAN,97.851,99.79221666666668,3,17,14
2024,16,9606,Marina Bay,Singapore,2024-09-22T12:00:00+00:00,20,Kevin MAGNUSSEN,K MAGNUSSEN,Haas F1 Team,DEN,94.754,101.81244642857143,-5,14,19
2024,16,9606,Marina Bay,Singapore,2024-09-22T12:00:00+00:00,22,Yuki TSUNODA,Y TSUNODA,RB,JPN,96.393,99.20773333333334,-4,8,12
2024,16,9606,Marina Bay,Singapore,2024-09-22T12:00:00+00:00,23,Alexander ALBON,A ALBON,Williams,THA,96.888,103.56657142857144,-9,11,20
2024,16,9606,Marina Bay,Singapore,2024-09-22T12:00:00+00:00,24,ZHOU Guanyu,G ZHOU,Kick Sauber,CHN,97.461,99.92872881355932,5,20,15
2024,16,9606,Marina Bay,Singapore,2024-09-22T12:00:00+00:00,27,Nico HULKENBERG,N HULKENBERG,Haas F1 Team,GER,97.47,99.16646666666666,-3,6,9
2024,16,9606,Marina Bay,Singapore,2024-09-22T12:00:00+00:00,31,Esteban OCON,E OCON,Alpine,FRA,97.964,99.77748333333334,2,15,13
2024,16,9606,Marina Bay,Singapore,2024-09-22T12:00:00+00:00,43,Franco COLAPINTO,F COLAPINTO,Williams,ARG,97.262,99.18598333333333,1,12,11
2024,16,9606,Marina Bay,Singapore,2024-09-22T12:00:00+00:00,44,Lewis HAMILTON,L HAMILTON,Mercedes,GBR,97.393,98.93634426229508,-3,3,6
2024,16,9606,Marina Bay,Singapore,2024-09-22T12:00:00+00:00,55,Carlos SAINZ,C SAINZ,Ferrari,ESP,96.561,99.0017868852459,3,10,7
2024,16,9606,Marina Bay,Singapore,2024-09-22T12:00:00+00:00,63,George RUSSELL,G RUSSELL,Mercedes,GBR,97.047,98.52113114754098,0,4,4
2024,16,9606,Marina Bay,Singapore,2024-09-22T12:00:00+00:00,77,Valtteri BOTTAS,V BOTTAS,Kick Sauber,FIN,97.524,99.95065,3,19,16
2024,16,9606,Marina Bay,Singapore,2024-09-22T12:00:00+00:00,81,Oscar PIASTRI,O PIASTRI,McLaren,AUS,95.745,98.18239344262295,2,5,3
2024,17,9625,Mexico City,Mexico,2024-10-27T20:00:00+00:00,1,Max VERSTAPPEN,M VERSTAPPEN,Red Bull Racing,NED,80.872,85.15079710144927,-4,2,6
2024,17,9625,Mexico City,Mexico,2024-10-27T20:00:00+00:00,4,Lando NORRIS,L NORRIS,McLaren,GBR,79.691,85.01715714285714,1,3,2
2024,17,9625,Mexico City,Mexico,2024-10-27T20:00:00+00:00,10,Pierre GASLY,P GASLY,Alpine,FRA,81.274,85.87088235294118,-2,8,10
2024,17,9625,Mexico City,Mexico,2024-10-27T20:00:00+00:00,11,Sergio PEREZ,S PEREZ,Red Bull Racing,MEX,79.209,86.98178260869565,1,18,17
2024,17,9625,Mexico City,Mexico,2024-10-27T20:00:00+00:00,14,Fernando ALONSO,F ALONSO,Aston Martin,ESP,82.722,101.25661538461539,-5,13,18
2024,17,9625,Mexico City,Mexico,2024-10-27T20:00:00+00:00,16,Charles LECLERC,C LECLERC,Ferrari,MON,78.336,85.41944285714285,1,4,3
2024,17,9625,Mexico City,Mexico,2024-10-27T20:00:00+00:00,18,Lance STROLL,L STROLL,Aston Martin,CAN,81.311,86.38411764705882,3,14,11
2024,17,9625,Mexico City,Mexico,2024-10-27T20:00:00+00:00,20,Kevin MAGNUSSEN,K MAGNUSSEN,Haas F1 Team,DEN,80.637,85.75227142857142,0,7,7
2024,17,9625,Mexico City,Mexico,2024-10-27T20:00:00+00:00,22,Yuki TSUNODA,Y TSUNODA,RB,JPN,,,-9,11,20
2024,17,9625,Mexico City,Mexico,2024-10-27T20:00:00+00:00,23,Alexander ALBON,A ALBON,Williams,THA,,,-10,9,19
2024,17,9625,Mexico City,Mexico,2024-10-27T20:00:00+00:00,24,ZHOU Guanyu,G ZHOU,Kick Sauber,CHN,81.553,86.7418695652174,4,19,15
2024,17,9625,Mexico City,Mexico,2024-10-27T20:00:00+00:00,27,Nico HULKENBERG,N HULKENBERG,Haas F1 Team,GER,80.748,86.08585507246377,1,10,9
2024,17,9625,Mexico City,Mexico,2024-10-27T20:00:00+00:00,30,Liam LAWSON,L LAWSON,RB,NZL,79.502,86.9468115942029,-4,12,16
2024,17,9625,Mexico City,Mexico,2024-10-27T20:00:00+00:00,31,Esteban OCON,E OCON,Alpine,FRA,80.659,86.3871884057971,7,20,13
2024,17,9625,Mexico City,Mexico,2024-10-27T20:00:00+00:00,43,Franco COLAPINTO,F COLAPINTO,Williams,ARG,80.09,86.30172463768116,4,16,12
2024,17,9625,Mexico City,Mexico,2024-10-27T20:00:00+00:00,44,Lewis HAMILTON,L HAMILTON,Mercedes,GBR,80.371,85.54778571428572,2,6,4
2024,17,9625,Mexico City,Mexico,2024-10-27T20:00:00+00:00,55,Carlos SAINZ,C SAINZ,Ferrari,ESP,80.137,84.97965714285715,0,1,1
2024,17,9625,Mexico City,Mexico,2024-10-27T20:00:00+00:00,63,George RUSSELL,G RUSSELL,Mercedes,GBR,80.731,85.56291428571429,0,5,5
2024,17,9625,Mexico City,Mexico,2024-10-27T20:00:00+00:00,77,Valtteri BOTTAS,V BOTTAS,Kick Sauber,FIN,81.085,86.48524637681159,1,15,14
2024,17,9625,Mexico City,Mexico,2024-10-27T20:00:00+00:00,81,Oscar PIASTRI,O PIASTRI,McLaren,AUS,80.064,85.53264285714286,9,17,8
2024,18,9636,São Paulo,Brazil,2024-11-03T15:30:00+00:00,1,Max VERSTAPPEN,M VERSTAPPEN,Red Bull Racing,NED,80.472,88.93819402985075,16,17,1
2024,18,9636,São Paulo,Brazil,2024-11-03T15:30:00+00:00,4,Lando NORRIS,L NORRIS,McLaren,GBR,81.517,89.61613432835821,-5,1,6
2024,18,9636,São Paulo,Brazil,2024-11-03T15:30:00+00:00,10,Pierre GASLY,P GASLY,Alpine,FRA,81.645,89.37925373134328,10,13,3
2024,18,9636,São Paulo,Brazil,2024-11-03T15:30:00+00:00,11,Sergio PEREZ,S PEREZ,Red Bull Racing,MEX,82.143,90.18592424242424,1,12,11
2024,18,9636,São Paulo,Brazil,2024-11-03T15:30:00+00:00,14,Fernando ALONSO,F ALONSO,Aston Martin,ESP,82.293,90.43391044776119,-5,9,14
2024,18,9636,São Paulo,Brazil,2024-11-03T15:30:00+00:00,16,Charles LECLERC,C LECLERC,Ferrari,MON,81.631,89.67801492537313,1,6,5
2024,18,9636,São Paulo,Brazil,2024-11-03T15:30:00+00:00,18,Lance STROLL,L STROLL,Aston Martin,CAN,,,-10,10,20
2024,18,9636,São Paulo,Brazil,2024-11-03T15:30:00+00:00,22,Yuki TSUNODA,Y TSUNODA,RB,JPN,81.828,89.83634328358208,-4,3,7
2024,18,9636,São Paulo,Brazil,2024-11-03T15:30:00+00:00,23,Alexander ALBON,A ALBON,Williams,THA,,,-12,7,19
2024,18,9636,São Paulo,Brazil,2024-11-03T15:30:00+00:00,24,ZHOU Guanyu,G ZHOU,Kick Sauber,CHN,83.058,92.52271641791044,4,19,15
2024,18,9636,São Paulo,Brazil,2024-11-03T15:30:00+00:00,27,Nico HULKENBERG,N HULKENBERG,Haas F1 Team,GER,83.764,93.78828571428572,0,18,18
2024,18,9636,São Paulo,Brazil,2024-11-03T15:30:00+00:00,30,Liam LAWSON,L LAWSON,RB,NZL,82.123,90.17836363636364,-4,5,9
2024,18,9636,São Paulo,Brazil,2024-11-03T15:30:00+00:00,31,Esteban OCON,E OCON,Alpine,FRA,81.771,89.27785074626865,2,4,2
2024,18,9636,São Paulo,Brazil,2024-11-03T15:30:00+00:00,43,Franco COLAPINTO,F COLAPINTO,Williams,ARG,84.296,89.94200000000001,-1,16,17
2024,18,9636,São Paulo,Brazil,2024-11-03T15:30:00+00:00,44,Lewis HAMILTON,L HAMILTON,Mercedes,GBR,82.041,90.05714925373134,4,14,10
2024,18,9636,São Paulo,Brazil,2024-11-03T15:30:00+00:00,50,Oliver BEARMAN,O BEARMAN,Haas F1 Team,GBR,82.494,90.24232835820895,3,15,12
2024,18,9636,São Paulo,Brazil,2024-11-03T15:30:00+00:00,55,Carlos SAINZ,C SAINZ,Ferrari,ESP,84.201,92.12477777777778,4,20,16
2024,18,9636,São Paulo,Brazil,2024-11-03T15:30:00+00:00,63,George RUSSELL,G RUSSELL,Mercedes,GBR,81.645,89.64521212121213,-2,2,4
2024,18,9636,São Paulo,Brazil,2024-11-03T15:30:00+00:00,77,Valtteri BOTTAS,V BOTTAS,Kick Sauber,FIN,82.877,90.28228358208955,-2,11,13
2024,18,9636,São Paulo,Brazil,2024-11-03T15:30:00+00:00,81,Oscar PIASTRI,O PIASTRI,McLaren,AUS,81.532,89.77508955223881,0,8,8
2024,19,9644,Las Vegas,United States,2024-11-24T06:00:00+00:00,1,Max VERSTAPPEN,M VERSTAPPEN,Red Bull Racing,NED,96.248,98.71754166666666,0,5,5
2024,19,9644,Las Vegas,United States,2024-11-24T06:00:00+00:00,4,Lando NORRIS,L NORRIS,McLaren,GBR,94.372,99.22567346938776,0,6,6
2024,19,9644,Las Vegas,United States,2024-11-24T06:00:00+00:00,10,Pierre GASLY,P GASLY,Alpine,FRA,98.314,102.26021428571428,-17,3,20
2024,19,9644,Las Vegas,United States,2024-11-24T06:00:00+00:00,11,Sergio PEREZ,S PEREZ,Red Bull Racing,MEX,96.326,99.5059387755102,5,15,10
2024,19,9644,Las Vegas,United States,2024-11-24T06:00:00+00:00,14,Fernando ALONSO,F ALONSO,Aston Martin,ESP,96.553,99.63961224489796,5,16,11
2024,19,9644,Las Vegas,United States,2024-11-24T06:00:00+00:00,16,Charles LECLERC,C LECLERC,Ferrari,MON,95.521,98.73414583333333,0,4,4
2024,19,9644,Las Vegas,United States,2024-11-24T06:00:00+00:00,18,Lance STROLL,L STROLL,Aston Martin,CAN,97.179,99.92538775510204,3,18,15
2024,19,9644,Las Vegas,United States,2024-11-24T06:00:00+00:00,20,Kevin MAGNUSSEN,K MAGNUSSEN,Haas F1 Team,DEN,96.557,99.65628571428572,0,12,12
2024,19,9644,Las Vegas,United States,2024-11-24T06:00:00+00:00,22,Yuki TSUNODA,Y TSUNODA,RB,JPN,96.957,99.68878723404255,-2,7,9
2024,19,9644,Las Vegas,United States,2024-11-24T06:00:00+00:00,23,Alexander ALBON,A ALBON,Williams,THA,98.008,100.78641666666665,-2,17,19
2024,19,9644,Las Vegas,United States,2024-11-24T06:00:00+00:00,24,ZHOU Guanyu,G ZHOU,Kick Sauber,CHN,96.324,99.7831836734694,0,13,13
2024,19,9644,Las Vegas,United States,2024-11-24T06:00:00+00:00,27,Nico HULKENBERG,N HULKENBERG,Haas F1 Team,GER,96.585,99.53269387755101,1,9,8
2024,19,9644,Las Vegas,United States,2024-11-24T06:00:00+00:00,30,Liam LAWSON,L LAWSON,RB,NZL,96.467,100.14566666666667,-2,14,16
2024,19,9644,Las Vegas,United States,2024-11-24T06:00:00+00:00,31,Esteban OCON,E OCON,Alpine,FRA,96.511,100.36491666666666,-6,11,17
2024,19,9644,Las Vegas,United States,2024-11-24T06:00:00+00:00,43,Franco COLAPINTO,F COLAPINTO,Williams,ARG,96.867,99.70442857142856,6,20,14
2024,19,9644,Las Vegas,United States,2024-11-24T06:00:00+00:00,44,Lewis HAMILTON,L HAMILTON,Mercedes,GBR,95.363,98.44187755102041,8,10,2
2024,19,9644,Las Vegas,United States,2024-11-24T06:00:00+00:00,55,Carlos SAINZ,C SAINZ,Ferrari,ESP,95.624,98.62342857142856,-1,2,3
2024,19,9644,Las Vegas,United States,2024-11-24T06:00:00+00:00,63,George RUSSELL,G RUSSELL,Mercedes,GBR,95.204,98.40163265306123,0,1,1
2024,19,9644,Las Vegas,United States,2024-11-24T06:00:00+00:00,77,Valtteri BOTTAS,V BOTTAS,Kick Sauber,FIN,96.244,100.46097916666668,1,19,18
2024,19,9644,Las Vegas,United States,2024-11-24T06:00:00+00:00,81,Oscar PIASTRI,O PIASTRI,McLaren,AUS,96.598,99.35487755102041,1,8,7
2024,20,9655,Lusail,Qatar,2024-12-01T16:00:00+00:00,1,Max VERSTAPPEN,M VERSTAPPEN,Red Bull Racing,NED,82.905,95.60676785714286,1,2,1
2024,20,9655,Lusail,Qatar,2024-12-01T16:00:00+00:00,4,Lando NORRIS,L NORRIS,McLaren,GBR,82.384,96.20446428571428,-7,3,10
2024,20,9655,Lusail,Qatar,2024-12-01T16:00:00+00:00,10,Pierre GASLY,P GASLY,Alpine,FRA,83.705,95.55701785714287,6,11,5
2024,20,9655,Lusail,Qatar,2024-12-01T16:00:00+00:00,11,Sergio PEREZ,S PEREZ,Red Bull Racing,MEX,85.288,96.48575675675676,-8,9,17
2024,20,9655,Lusail,Qatar,2024-12-01T16:00:00+00:00,14,Fernando ALONSO,F ALONSO,Aston Martin,ESP,83.667,95.75032142857143,1,8,7
2024,20,9655,Lusail,Qatar,2024-12-01T16:00:00+00:00,16,Charles LECLERC,C LECLERC,Ferrari,MON,83.242,95.79501818181818,3,5,2
2024,20,9655,Lusail,Qatar,2024-12-01T16:00:00+00:00,18,Lance STROLL,L STROLL,Aston Martin,CAN,90.935,119.25271428571429,-3,15,18
2024,20,9655,Lusail,Qatar,2024-12-01T16:00:00+00:00,20,Kevin MAGNUSSEN,K MAGNUSSEN,Haas F1 Team,DEN,84.259,95.84964285714285,1,10,9
2024,20,9655,Lusail,Qatar,2024-12-01T16:00:00+00:00,22,Yuki TSUNODA,Y TSUNODA,RB,JPN,86.144,96.40487499999999,1,14,13
2024,20,9655,Lusail,Qatar,2024-12-01T16:00:00+00:00,23,Alexander ALBON,A ALBON,Williams,THA,85.559,97.14378181818182,1,16,15
2024,20,9655,Lusail,Qatar,2024-12-01T16:00:00+00:00,24,ZHOU Guanyu,G ZHOU,Kick Sauber,CHN,83.889,95.65426785714286,4,12,8
2024,20,9655,Lusail,Qatar,2024-12-01T16:00:00+00:00,27,Nico HULKENBERG,N HULKENBERG,Haas F1 Team,GER,85.767,96.55886842105264,2,18,16
2024,20,9655,Lusail,Qatar,2024-12-01T16:00:00+00:00,30,Liam LAWSON,L LAWSON,RB,NZL,86.076,96.333,3,17,14
2024,20,9655,Lusail,Qatar,2024-12-01T16:00:00+00:00,31,Esteban OCON,E OCON,Alpine,FRA,,,0,20,20
2024,20,9655,Lusail,Qatar,2024-12-01T16:00:00+00:00,43,Franco COLAPINTO,F COLAPINTO,Williams,ARG,,,0,19,19
2024,20,9655,Lusail,Qatar,2024-12-01T16:00:00+00:00,44,Lewis HAMILTON,L HAMILTON,Mercedes,GBR,83.865,96.37796428571428,-6,6,12
2024,20,9655,Lusail,Qatar,2024-12-01T16:00:00+00:00,55,Carlos SAINZ,C SAINZ,Ferrari,ESP,83.465,95.77508928571429,1,7,6
2024,20,9655,Lusail,Qatar,2024-12-01T16:00:00+00:00,63,George RUSSELL,G RUSSELL,Mercedes,GBR,83.355,95.69278571428572,-3,1,4
2024,20,9655,Lusail,Qatar,2024-12-01T16:00:00+00:00,77,Valtteri BOTTAS,V BOTTAS,Kick Sauber,FIN,85.533,96.13364285714286,2,13,11
2024,20,9655,Lusail,Qatar,2024-12-01T16:00:00+00:00,81,Oscar PIASTRI,O PIASTRI,McLaren,AUS,83.218,95.60051785714286,1,4,3
2024,21,9662,Yas Island,United Arab Emirates,2024-12-08T13:00:00+00:00,1,Max VERSTAPPEN,M VERSTAPPEN,Red Bull Racing,NED,87.765,90.23908771929824,-2,4,6
2024,21,9662,Yas Island,United Arab Emirates,2024-12-08T13:00:00+00:00,4,Lando NORRIS,L NORRIS,McLaren,GBR,87.438,89.5113859649123,0,1,1
2024,21,9662,Yas Island,United Arab Emirates,2024-12-08T13:00:00+00:00,10,Pierre GASLY,P GASLY,Alpine,FRA,89.212,90.73450877192982,-2,5,7
2024,21,9662,Yas Island,United Arab Emirates,2024-12-08T13:00:00+00:00,11,Sergio PEREZ,S PEREZ,Red Bull Racing,MEX,,,-10,10,20
2024,21,9662,Yas Island,United Arab Emirates,2024-12-08T13:00:00+00:00,14,Fernando ALONSO,F ALONSO,Aston Martin,ESP,87.948,90.86838596491228,-1,8,9
2024,21,9662,Yas Island,United Arab Emirates,2024-12-08T13:00:00+00:00,16,Charles LECLERC,C LECLERC,Ferrari,MON,88.018,89.95745614035087,16,19,3
2024,21,9662,Yas Island,United Arab Emirates,2024-12-08T13:00:00+00:00,18,Lance STROLL,L STROLL,Aston Martin,CAN,88.604,91.28312962962963,-1,13,14
2024,21,9662,Yas Island,United Arab Emirates,2024-12-08T13:00:00+00:00,20,Kevin MAGNUSSEN,K MAGNUSSEN,Haas F1 Team,DEN,85.637,92.39176785714287,-2,14,16
2024,21,9662,Yas Island,United Arab Emirates,2024-12-08T13:00:00+00:00,22,Yuki TSUNODA,Y TSUNODA,RB,JPN,89.2,91.17896428571429,-1,11,12
2024,21,9662,Yas Island,United Arab Emirates,2024-12-08T13:00:00+00:00,23,Alexander ALBON,A ALBON,Williams,THA,89.438,91.15287272727274,7,18,11
2024,21,9662,Yas Island,United Arab Emirates,2024-12-08T13:00:00+00:00,24,ZHOU Guanyu,G ZHOU,Kick Sauber,CHN,87.982,91.24780357142858,2,15,13
2024,21,9662,Yas Island,United Arab Emirates,2024-12-08T13:00:00+00:00,27,Nico HULKENBERG,N HULKENBERG,Haas F1 Team,GER,89.152,90.76047368421052,-1,7,8
2024,21,9662,Yas Island,United Arab Emirates,2024-12-08T13:00:00+00:00,30,Liam LAWSON,L LAWSON,RB,NZL,88.751,92.18392592592592,-5,12,17
2024,21,9662,Yas Island,United Arab Emirates,2024-12-08T13:00:00+00:00,43,Franco COLAPINTO,F COLAPINTO,Williams,ARG,89.411,94.71696,1,20,19
2024,21,9662,Yas Island,United Arab Emirates,2024-12-08T13:00:00+00:00,44,Lewis HAMILTON,L HAMILTON,Mercedes,GBR,87.278,89.9980701754386,12,16,4
2024,21,9662,Yas Island,United Arab Emirates,2024-12-08T13:00:00+00:00,55,Carlos SAINZ,C SAINZ,Ferrari,ESP,87.765,89.58112280701754,1,3,2
2024,21,9662,Yas Island,United Arab Emirates,2024-12-08T13:00:00+00:00,61,Jack DOOHAN,J DOOHAN,Alpine,AUS,89.121,91.39789285714286,2,17,15
2024,21,9662,Yas Island,United Arab Emirates,2024-12-08T13:00:00+00:00,63,George RUSSELL,G RUSSELL,Mercedes,GBR,88.195,90.1078947368421,1,6,5
2024,21,9662,Yas Island,United Arab Emirates,2024-12-08T13:00:00+00:00,77,Valtteri BOTTAS,V BOTTAS,Kick Sauber,FIN,89.482,94.7274827586207,-9,9,18
2024,21,9662,Yas Island,United Arab Emirates,2024-12-08T13:00:00+00:00,81,Oscar PIASTRI,O PIASTRI,McLaren,AUS,87.69,90.78635714285714,-8,2,10
2025,1,9693,Melbourne,Australia,2025-03-16T04:00:00+00:00,1,Max VERSTAPPEN,M VERSTAPPEN,Red Bull Racing,,83.081,107.6320181818182,1,3,2
2025,1,9693,Melbourne,Australia,2025-03-16T04:00:00+00:00,4,Lando NORRIS,L NORRIS,McLaren,,82.167,107.30723214285715,0,1,1
2025,1,9693,Melbourne,Australia,2025-03-16T04:00:00+00:00,5,Gabriel BORTOLETO,G BORTOLETO,Kick Sauber,,84.192,107.08111363636363,-1,15,16
2025,1,9693,Melbourne,Australia,2025-03-16T04:00:00+00:00,6,Isack HADJAR,I HADJAR,Racing Bulls,,,,-8,11,19
2025,1,9693,Melbourne,Australia,2025-03-16T04:00:00+00:00,7,Jack DOOHAN,J DOOHAN,Alpine,,,,-6,14,20
2025,1,9693,Melbourne,Australia,2025-03-16T04:00:00+00:00,10,Pierre GASLY,P GASLY,Alpine,,85.02,107.47632142857142,-2,9,11
2025,1,9693,Melbourne,Australia,2025-03-16T04:00:00+00:00,12,Andrea Kimi ANTONELLI,A ANTONELLI,Mercedes,,84.901,107.03726785714287,11,16,5
2025,1,9693,Melbourne,Australia,2025-03-16T04:00:00+00:00,14,Fernando ALONSO,F ALONSO,Aston Martin,,88.819,103.4608064516129,-5,12,17
2025,1,9693,Melbourne,Australia,2025-03-16T04:00:00+00:00,16,Charles LECLERC,C LECLERC,Ferrari,,85.271,107.45803571428571,-1,7,8
2025,1,9693,Melbourne,Australia,2025-03-16T04:00:00+00:00,18,Lance STROLL,L STROLL,Aston Martin,,85.538,107.21842857142857,7,13,6
2025,1,9693,Melbourne,Australia,2025-03-16T04:00:00+00:00,22,Yuki TSUNODA,Y TSUNODA,Racing Bulls,,84.194,107.59880357142858,-7,5,12
2025,1,9693,Melbourne,Australia,2025-03-16T04:00:00+00:00,23,Alexander ALBON,A ALBON,Williams,,84.597,107.26575,2,6,4
2025,1,9693,Melbourne,Australia,2025-03-16T04:00:00+00:00,27,Nico HULKENBERG,N HULKENBERG,Kick Sauber,,85.243,107.20546428571429,10,17,7
2025,1,9693,Melbourne,Australia,2025-03-16T04:00:00+00:00,30,Liam LAWSON,L LAWSON,Red Bull Racing,,82.97,106.259,3,18,15
2025,1,9693,Melbourne,Australia,2025-03-16T04:00:00+00:00,31,Esteban OCON,E OCON,Haas F1 Team,,86.764,107.38742857142857,6,19,13
2025,1,9693,Melbourne,Australia,2025-03-16T04:00:00+00:00,44,Lewis HAMILTON,L HAMILTON,Ferrari,,84.218,107.42667857142858,-2,8,10
2025,1,9693,Melbourne,Australia,2025-03-16T04:00:00+00:00,55,Carlos SAINZ,C SAINZ,Williams,,,,-8,10,18
2025,1,9693,Melbourne,Australia,2025-03-16T04:00:00+00:00,63,George RUSSELL,G RUSSELL,Mercedes,,85.065,107.32394642857142,1,4,3
2025,1,9693,Melbourne,Australia,2025-03-16T04:00:00+00:00,81,Oscar PIASTRI,O PIASTRI,McLaren,,83.242,106.08841818181818,-7,2,9
2025,1,9693,Melbourne,Australia,2025-03-16T04:00:00+00:00,87,Oliver BEARMAN,O BEARMAN,Haas F1 Team,,87.603,107.45075,6,20,14
2025,2,9998,Shanghai,China,2025-03-23T07:00:00+00:00,1,Max VERSTAPPEN,M VERSTAPPEN,Red Bull Racing,,95.488,97.62605454545455,0,4,4
2025,2,9998,Shanghai,China,2025-03-23T07:00:00+00:00,4,Lando NORRIS,L NORRIS,McLaren,,95.454,97.58962962962963,1,3,2
2025,2,9998,Shanghai,China,2025-03-23T07:00:00+00:00,5,Gabriel BORTOLETO,G BORTOLETO,Kick Sauber,,95.874,98.92824074074075,2,19,17
2025,2,9998,Shanghai,China,2025-03-23T07:00:00+00:00,6,Isack HADJAR,I HADJAR,Racing Bulls,,95.868,98.7219090909091,-7,7,14
2025,2,9998,Shanghai,China,2025-03-23T07:00:00+00:00,7,Jack DOOHAN,J DOOHAN,Alpine,,96.424,98.64587272727273,2,18,16
2025,2,9998,Shanghai,China,2025-03-23T07:00:00+00:00,10,Pierre GASLY,P GASLY,Alpine,,96.425,98.47601818181818,5,16,11
2025,2,9998,Shanghai,China,2025-03-23T07:00:00+00:00,12,Kimi ANTONELLI,K ANTONELLI,Mercedes,,96.046,98.28665454545454,0,8,8
2025,2,9998,Shanghai,China,2025-03-23T07:00:00+00:00,14,Fernando ALONSO,F ALONSO,Aston Martin,,99.256,113.271,-7,13,20
2025,2,9998,Shanghai,China,2025-03-23T07:00:00+00:00,16,Charles LECLERC,C LECLERC,Ferrari,,96.157,97.75407272727273,1,6,5
2025,2,9998,Shanghai,China,2025-03-23T07:00:00+00:00,18,Lance STROLL,L STROLL,Aston Martin,,96.044,98.51970909090909,2,14,12
2025,2,9998,Shanghai,China,2025-03-23T07:00:00+00:00,22,Yuki TSUNODA,Y TSUNODA,Racing Bulls,,95.871,99.53483333333334,-10,9,19
2025,2,9998,Shanghai,China,2025-03-23T07:00:00+00:00,23,Alexander ALBON,A ALBON,Williams,,96.254,98.29225454545454,1,10,9
2025,2,9998,Shanghai,China,2025-03-23T07:00:00+00:00,27,Nico HULKENBERG,N HULKENBERG,Kick Sauber,,97.275,99.35846296296296,-6,12,18
2025,2,9998,Shanghai,China,2025-03-23T07:00:00+00:00,30,Liam LAWSON,L LAWSON,Red Bull Racing,,95.985,98.71514814814816,5,20,15
2025,2,9998,Shanghai,China,2025-03-23T07:00:00+00:00,31,Esteban OCON,E OCON,Haas F1 Team,,95.74,98.1848,4,11,7
2025,2,9998,Shanghai,China,2025-03-23T07:00:00+00:00,44,Lewis HAMILTON,L HAMILTON,Ferrari,,95.069,97.81118181818181,-1,5,6
2025,2,9998,Shanghai,China,2025-03-23T07:00:00+00:00,55,Carlos SAINZ,C SAINZ,Williams,,96.779,98.62001818181818,2,15,13
2025,2,9998,Shanghai,China,2025-03-23T07:00:00+00:00,63,George RUSSELL,G RUSSELL,Mercedes,,95.816,97.56074545454545,-1,2,3
2025,2,9998,Shanghai,China,2025-03-23T07:00:00+00:00,81,Oscar PIASTRI,O PIASTRI,McLaren,,95.52,97.3807037037037,0,1,1
2025,2,9998,Shanghai,China,2025-03-23T07:00:00+00:00,87,Oliver BEARMAN,O BEARMAN,Haas F1 Team,,96.363,98.33894545454545,7,17,10
2025,3,10006,Suzuka,Japan,2025-04-06T05:00:00+00:00,1,Max VERSTAPPEN,M VERSTAPPEN,Red Bull Racing,,91.041,92.92803846153846,0,1,1
2025,3,10006,Suzuka,Japan,2025-04-06T05:00:00+00:00,4,Lando NORRIS,L NORRIS,McLaren,,91.116,92.93548076923078,0,2,2
2025,3,10006,Suzuka,Japan,2025-04-06T05:00:00+00:00,5,Gabriel BORTOLETO,G BORTOLETO,Kick Sauber,,92.034,94.30749999999999,-2,17,19
2025,3,10006,Suzuka,Japan,2025-04-06T05:00:00+00:00,6,Isack HADJAR,I HADJAR,Racing Bulls,,91.317,93.54217307692308,-1,7,8
2025,3,10006,Suzuka,Japan,2025-04-06T05:00:00+00:00,7,Jack DOOHAN,J DOOHAN,Alpine,,92.685,94.28836538461539,4,19,15
2025,3,10006,Suzuka,Japan,2025-04-06T05:00:00+00:00,10,Pierre GASLY,P GASLY,Alpine,,91.82,93.97457692307692,-2,11,13
2025,3,10006,Suzuka,Japan,2025-04-06T05:00:00+00:00,12,Kimi ANTONELLI,K ANTONELLI,Mercedes,,90.965,93.20555769230769,0,6,6
2025,3,10006,Suzuka,Japan,2025-04-06T05:00:00+00:00,14,Fernando ALONSO,F ALONSO,Aston Martin,,91.77,93.88976923076923,1,12,11
2025,3,10006,Suzuka,Japan,2025-04-06T05:00:00+00:00,16,Charles LECLERC,C LECLERC,Ferrari,,91.469,93.21498039215686,0,4,4
2025,3,10006,Suzuka,Japan,2025-04-06T05:00:00+00:00,18,Lance STROLL,L STROLL,Aston Martin,,92.052,94.78056862745099,0,20,20
2025,3,10006,Suzuka,Japan,2025-04-06T05:00:00+00:00,22,Yuki TSUNODA,Y TSUNODA,Red Bull Racing,,91.871,93.93166666666667,2,14,12
2025,3,10006,Suzuka,Japan,2025-04-06T05:00:00+00:00,23,Alexander ALBON,A ALBON,Williams,,91.125,93.58776923076924,0,9,9
2025,3,10006,Suzuka,Japan,2025-04-06T05:00:00+00:00,27,Nico HULKENBERG,N HULKENBERG,Kick Sauber,,92.572,94.3285,0,16,16
2025,3,10006,Suzuka,Japan,2025-04-06T05:00:00+00:00,30,Liam LAWSON,L LAWSON,Racing Bulls,,92.043,94.38102,-4,13,17
2025,3,10006,Suzuka,Japan,2025-04-06T05:00:00+00:00,31,Esteban OCON,E OCON,Haas F1 Team,,91.967,94.33957692307693,0,18,18
2025,3,10006,Suzuka,Japan,2025-04-06T05:00:00+00:00,44,Lewis HAMILTON,L HAMILTON,Ferrari,,91.406,93.41170588235295,1,8,7
2025,3,10006,Suzuka,Japan,2025-04-06T05:00:00+00:00,55,Carlos SAINZ,C SAINZ,Williams,,91.106,94.17126923076923,1,15,14
2025,3,10006,Suzuka,Japan,2025-04-06T05:00:00+00:00,63,George RUSSELL,G RUSSELL,Mercedes,,91.357,93.22621568627451,0,5,5
2025,3,10006,Suzuka,Japan,2025-04-06T05:00:00+00:00,81,Oscar PIASTRI,O PIASTRI,McLaren,,91.039,92.9351923076923,0,3,3
2025,3,10006,Suzuka,Japan,2025-04-06T05:00:00+00:00,87,Oliver BEARMAN,O BEARMAN,Haas F1 Team,,92.006,93.85071153846154,0,10,10
2025,4,10014,Sakhir,Bahrain,2025-04-13T15:00:00+00:00,1,Max VERSTAPPEN,M VERSTAPPEN,Red Bull Racing,,96.167,101.24916071428572,1,7,6
2025,4,10014,Sakhir,Bahrain,2025-04-13T15:00:00+00:00,4,Lando NORRIS,L NORRIS,McLaren,,95.728,100.98721428571427,3,6,3
2025,4,10014,Sakhir,Bahrain,2025-04-13T15:00:00+00:00,5,Gabriel BORTOLETO,G BORTOLETO,Kick Sauber,,98.006,101.73214285714286,-1,18,19
2025,4,10014,Sakhir,Bahrain,2025-04-13T15:00:00+00:00,6,Isack HADJAR,I HADJAR,Racing Bulls,,96.952,101.56492857142858,-2,12,14
2025,4,10014,Sakhir,Bahrain,2025-04-13T15:00:00+00:00,7,Jack DOOHAN,J DOOHAN,Alpine,,96.682,101.55480357142858,-4,11,15
2025,4,10014,Sakhir,Bahrain,2025-04-13T15:00:00+00:00,10,Pierre GASLY,P GASLY,Alpine,,96.531,101.31048214285714,-3,4,7
2025,4,10014,Sakhir,Bahrain,2025-04-13T15:00:00+00:00,12,Kimi ANTONELLI,K ANTONELLI,Mercedes,,96.69,101.50157142857142,-6,5,11
2025,4,10014,Sakhir,Bahrain,2025-04-13T15:00:00+00:00,14,Fernando ALONSO,F ALONSO,Aston Martin,,97.906,101.67837499999999,-3,13,16
2025,4,10014,Sakhir,Bahrain,2025-04-13T15:00:00+00:00,16,Charles LECLERC,C LECLERC,Ferrari,,96.132,101.03182142857143,-2,2,4
2025,4,10014,Sakhir,Bahrain,2025-04-13T15:00:00+00:00,18,Lance STROLL,L STROLL,Aston Martin,,98.064,101.71582142857143,1,19,18
2025,4,10014,Sakhir,Bahrain,2025-04-13T15:00:00+00:00,22,Yuki TSUNODA,Y TSUNODA,Red Bull Racing,,97.225,101.42073214285713,1,10,9
2025,4,10014,Sakhir,Bahrain,2025-04-13T15:00:00+00:00,23,Alexander ALBON,A ALBON,Williams,,97.141,101.45794642857143,3,15,12
2025,4,10014,Sakhir,Bahrain,2025-04-13T15:00:00+00:00,27,Nico HULKENBERG,N HULKENBERG,Kick Sauber,,97.338,101.48973214285715,3,16,13
2025,4,10014,Sakhir,Bahrain,2025-04-13T15:00:00+00:00,30,Liam LAWSON,L LAWSON,Racing Bulls,,97.38,101.43576785714286,0,17,17
2025,4,10014,Sakhir,Bahrain,2025-04-13T15:00:00+00:00,31,Esteban OCON,E OCON,Haas F1 Team,,97.098,101.38433928571429,6,14,8
2025,4,10014,Sakhir,Bahrain,2025-04-13T15:00:00+00:00,44,Lewis HAMILTON,L HAMILTON,Ferrari,,96.235,101.12249999999999,4,9,5
2025,4,10014,Sakhir,Bahrain,2025-04-13T15:00:00+00:00,55,Carlos SAINZ,C SAINZ,Williams,,96.954,103.49484090909091,-12,8,20
2025,4,10014,Sakhir,Bahrain,2025-04-13T15:00:00+00:00,63,George RUSSELL,G RUSSELL,Mercedes,,95.518,101.08200000000001,1,3,2
2025,4,10014,Sakhir,Bahrain,2025-04-13T15:00:00+00:00,81,Oscar PIASTRI,O PIASTRI,McLaren,,95.14,100.72753571428572,0,1,1
2025,4,10014,Sakhir,Bahrain,2025-04-13T15:00:00+00:00,87,Oliver BEARMAN,O BEARMAN,Haas F1 Team,,97.303,101.43133928571429,10,20,10
2025,5,10022,Jeddah,Saudi Arabia,2025-04-20T17:00:00+00:00,1,Max VERSTAPPEN,M VERSTAPPEN,Red Bull Racing,,92.28,96.86497959183673,-1,1,2
2025,5,10022,Jeddah,Saudi Arabia,2025-04-20T17:00:00+00:00,4,Lando NORRIS,L NORRIS,McLaren,,91.778,96.73326530612246,6,10,4
2025,5,10022,Jeddah,Saudi Arabia,2025-04-20T17:00:00+00:00,5,Gabriel BORTOLETO,G BORTOLETO,Kick Sauber,,94.447,98.669,2,20,18
2025,5,10022,Jeddah,Saudi Arabia,2025-04-20T17:00:00+00:00,6,Isack HADJAR,I HADJAR,Racing Bulls,,93.257,97.86779166666668,4,14,10
2025,5,10022,Jeddah,Saudi Arabia,2025-04-20T17:00:00+00:00,7,Jack DOOHAN,J DOOHAN,Alpine,,93.15,98.7008125,0,17,17
2025,5,10022,Jeddah,Saudi Arabia,2025-04-20T17:00:00+00:00,10,Pierre GASLY,P GASLY,Alpine,,,,-11,9,20
2025,5,10022,Jeddah,Saudi Arabia,2025-04-20T17:00:00+00:00,12,Kimi ANTONELLI,K ANTONELLI,Mercedes,,92.396,97.39212244897959,-1,5,6
2025,5,10022,Jeddah,Saudi Arabia,2025-04-20T17:00:00+00:00,14,Fernando ALONSO,F ALONSO,Aston Martin,,93.009,98.05197959183674,2,13,11
2025,5,10022,Jeddah,Saudi Arabia,2025-04-20T17:00:00+00:00,16,Charles LECLERC,C LECLERC,Ferrari,,92.192,96.87748979591838,1,4,3
2025,5,10022,Jeddah,Saudi Arabia,2025-04-20T17:00:00+00:00,18,Lance STROLL,L STROLL,Aston Martin,,92.745,98.46779166666666,0,16,16
2025,5,10022,Jeddah,Saudi Arabia,2025-04-20T17:00:00+00:00,22,Yuki TSUNODA,Y TSUNODA,Red Bull Racing,,,,-11,8,19
2025,5,10022,Jeddah,Saudi Arabia,2025-04-20T17:00:00+00:00,23,Alexander ALBON,A ALBON,Williams,,93.477,97.87718367346939,2,11,9
2025,5,10022,Jeddah,Saudi Arabia,2025-04-20T17:00:00+00:00,27,Nico HULKENBERG,N HULKENBERG,Kick Sauber,,93.446,98.42120833333333,3,18,15
2025,5,10022,Jeddah,Saudi Arabia,2025-04-20T17:00:00+00:00,30,Liam LAWSON,L LAWSON,Racing Bulls,,92.998,97.79842857142856,0,12,12
2025,5,10022,Jeddah,Saudi Arabia,2025-04-20T17:00:00+00:00,31,Esteban OCON,E OCON,Haas F1 Team,,94.309,98.30761224489797,5,19,14
2025,5,10022,Jeddah,Saudi Arabia,2025-04-20T17:00:00+00:00,44,Lewis HAMILTON,L HAMILTON,Ferrari,,92.6,97.41544897959183,0,7,7
2025,5,10022,Jeddah,Saudi Arabia,2025-04-20T17:00:00+00:00,55,Carlos SAINZ,C SAINZ,Williams,,92.466,97.917,-2,6,8
2025,5,10022,Jeddah,Saudi Arabia,2025-04-20T17:00:00+00:00,63,George RUSSELL,G RUSSELL,Mercedes,,92.893,97.3428125,-2,3,5
2025,5,10022,Jeddah,Saudi Arabia,2025-04-20T17:00:00+00:00,81,Oscar PIASTRI,O PIASTRI,McLaren,,92.228,96.77085714285714,1,2,1
2025,5,10022,Jeddah,Saudi Arabia,2025-04-20T17:00:00+00:00,87,Oliver BEARMAN,O BEARMAN,Haas F1 Team,,93.238,98.03039583333333,2,15,13
2025,6,10033,Miami,United States,2025-05-04T20:00:00+00:00,1,Max VERSTAPPEN,M VERSTAPPEN,Red Bull Racing,,90.466,94.2120357142857,-3,1,4
2025,6,10033,Miami,United States,2025-05-04T20:00:00+00:00,4,Lando NORRIS,L NORRIS,McLaren,,89.746,93.54825454545455,0,2,2
2025,6,10033,Miami,United States,2025-05-04T20:00:00+00:00,5,Gabriel BORTOLETO,G BORTOLETO,Kick Sauber,,92.328,98.08875,-5,13,18
2025,6,10033,Miami,United States,2025-05-04T20:00:00+00:00,6,Isack HADJAR,I HADJAR,Racing Bulls,,90.971,94.71542857142857,0,11,11
2025,6,10033,Miami,United States,2025-05-04T20:00:00+00:00,7,Jack DOOHAN,J DOOHAN,Alpine,,,,-6,14,20
2025,6,10033,Miami,United States,2025-05-04T20:00:00+00:00,10,Pierre GASLY,P GASLY,Alpine,,91.159,94.93853571428572,7,20,13
2025,6,10033,Miami,United States,2025-05-04T20:00:00+00:00,12,Kimi ANTONELLI,K ANTONELLI,Mercedes,,90.795,94.46855357142856,-3,3,6
2025,6,10033,Miami,United States,2025-05-04T20:00:00+00:00,14,Fernando ALONSO,F ALONSO,Aston Martin,,91.287,95.41187272727274,2,17,15
2025,6,10033,Miami,United States,2025-05-04T20:00:00+00:00,16,Charles LECLERC,C LECLERC,Ferrari,,90.461,94.49736363636364,1,8,7
2025,6,10033,Miami,United States,2025-05-04T20:00:00+00:00,18,Lance STROLL,L STROLL,Aston Martin,,91.769,95.50936363636364,2,18,16
2025,6,10033,Miami,United States,2025-05-04T20:00:00+00:00,22,Yuki TSUNODA,Y TSUNODA,Red Bull Racing,,90.964,94.63953571428571,0,10,10
2025,6,10033,Miami,United States,2025-05-04T20:00:00+00:00,23,Alexander ALBON,A ALBON,Williams,,90.482,94.33310909090909,2,7,5
2025,6,10033,Miami,United States,2025-05-04T20:00:00+00:00,27,Nico HULKENBERG,N HULKENBERG,Kick Sauber,,91.015,95.08065454545454,2,16,14
2025,6,10033,Miami,United States,2025-05-04T20:00:00+00:00,30,Liam LAWSON,L LAWSON,Racing Bulls,,91.77,98.01562857142858,-2,15,17
2025,6,10033,Miami,United States,2025-05-04T20:00:00+00:00,31,Esteban OCON,E OCON,Haas F1 Team,,91.122,94.85782142857144,-3,9,12
2025,6,10033,Miami,United States,2025-05-04T20:00:00+00:00,44,Lewis HAMILTON,L HAMILTON,Ferrari,,90.562,94.45100000000001,4,12,8
2025,6,10033,Miami,United States,2025-05-04T20:00:00+00:00,55,Carlos SAINZ,C SAINZ,Williams,,90.703,94.53127272727274,-3,6,9
2025,6,10033,Miami,United States,2025-05-04T20:00:00+00:00,63,George RUSSELL,G RUSSELL,Mercedes,,90.318,94.12594642857142,2,5,3
2025,6,10033,Miami,United States,2025-05-04T20:00:00+00:00,81,Oscar PIASTRI,O PIASTRI,McLaren,,89.822,93.47235714285715,3,4,1
2025,6,10033,Miami,United States,2025-05-04T20:00:00+00:00,87,Oliver BEARMAN,O BEARMAN,Haas F1 Team,,92.68,95.62011538461539,0,19,19
2025,7,9987,Imola,Italy,2025-05-18T13:00:00+00:00,1,Max VERSTAPPEN,M VERSTAPPEN,Red Bull Racing,,77.988,87.26140322580646,1,2,1
2025,7,9987,Imola,Italy,2025-05-18T13:00:00+00:00,4,Lando NORRIS,L NORRIS,McLaren,,78.311,87.31454838709678,2,4,2
2025,7,9987,Imola,Italy,2025-05-18T13:00:00+00:00,5,Gabriel BORTOLETO,G BORTOLETO,Kick Sauber,,80.63,87.76379032258063,-4,14,18
2025,7,9987,Imola,Italy,2025-05-18T13:00:00+00:00,6,Isack HADJAR,I HADJAR,Racing Bulls,,79.473,87.62865573770492,0,9,9
2025,7,9987,Imola,Italy,2025-05-18T13:00:00+00:00,10,Pierre GASLY,P GASLY,Alpine,,80.398,87.68366129032258,-3,10,13
2025,7,9987,Imola,Italy,2025-05-18T13:00:00+00:00,12,Kimi ANTONELLI,K ANTONELLI,Mercedes,,80.62,83.72581395348837,-6,13,19
2025,7,9987,Imola,Italy,2025-05-18T13:00:00+00:00,14,Fernando ALONSO,F ALONSO,Aston Martin,,79.894,87.64659677419355,-6,5,11
2025,7,9987,Imola,Italy,2025-05-18T13:00:00+00:00,16,Charles LECLERC,C LECLERC,Ferrari,,79.048,87.50648387096774,5,11,6
2025,7,9987,Imola,Italy,2025-05-18T13:00:00+00:00,18,Lance STROLL,L STROLL,Aston Martin,,80.501,87.7166935483871,-7,8,15
2025,7,9987,Imola,Italy,2025-05-18T13:00:00+00:00,22,Yuki TSUNODA,Y TSUNODA,Red Bull Racing,,80.039,87.49337096774194,10,20,10
2025,7,9987,Imola,Italy,2025-05-18T13:00:00+00:00,23,Alexander ALBON,A ALBON,Williams,,78.289,87.57283606557377,2,7,5
2025,7,9987,Imola,Italy,2025-05-18T13:00:00+00:00,27,Nico HULKENBERG,N HULKENBERG,Kick Sauber,,80.401,87.60579032258065,5,17,12
2025,7,9987,Imola,Italy,2025-05-18T13:00:00+00:00,30,Liam LAWSON,L LAWSON,Racing Bulls,,80.473,87.6575,1,15,14
2025,7,9987,Imola,Italy,2025-05-18T13:00:00+00:00,31,Esteban OCON,E OCON,Haas F1 Team,,81.413,83.33616,-2,18,20
2025,7,9987,Imola,Italy,2025-05-18T13:00:00+00:00,43,Franco COLAPINTO,F COLAPINTO,Alpine,,80.345,87.73426229508196,0,16,16
2025,7,9987,Imola,Italy,2025-05-18T13:00:00+00:00,44,Lewis HAMILTON,L HAMILTON,Ferrari,,78.265,87.3802258064516,8,12,4
2025,7,9987,Imola,Italy,2025-05-18T13:00:00+00:00,55,Carlos SAINZ,C SAINZ,Williams,,79.836,87.56716129032257,-2,6,8
2025,7,9987,Imola,Italy,2025-05-18T13:00:00+00:00,63,George RUSSELL,G RUSSELL,Mercedes,,79.733,87.58491935483872,-4,3,7
2025,7,9987,Imola,Italy,2025-05-18T13:00:00+00:00,81,Oscar PIASTRI,O PIASTRI,McLaren,,78.894,87.45466129032259,-2,1,3
2025,7,9987,Imola,Italy,2025-05-18T13:00:00+00:00,87,Oliver BEARMAN,O BEARMAN,Haas F1 Team,,79.521,87.64445161290323,2,19,17
2025,8,9979,Monaco,Monaco,2025-05-25T13:00:00+00:00,1,Max VERSTAPPEN,M VERSTAPPEN,Red Bull Racing,,74.23,77.53867105263159,0,4,4
2025,8,9979,Monaco,Monaco,2025-05-25T13:00:00+00:00,4,Lando NORRIS,L NORRIS,McLaren,,73.221,77.27925974025973,0,1,1
2025,8,9979,Monaco,Monaco,2025-05-25T13:00:00+00:00,5,Gabriel BORTOLETO,G BORTOLETO,Kick Sauber,,74.884,79.47272972972974,2,16,14
2025,8,9979,Monaco,Monaco,2025-05-25T13:00:00+00:00,6,Isack HADJAR,I HADJAR,Racing Bulls,,75.981,79.09681578947368,-1,5,6
2025,8,9979,Monaco,Monaco,2025-05-25T13:00:00+00:00,10,Pierre GASLY,P GASLY,Alpine,,78.054,90.89766666666667,-3,17,20
2025,8,9979,Monaco,Monaco,2025-05-25T13:00:00+00:00,12,Kimi ANTONELLI,K ANTONELLI,Mercedes,,73.518,80.37204054054054,-3,15,18
2025,8,9979,Monaco,Monaco,2025-05-25T13:00:00+00:00,14,Fernando ALONSO,F ALONSO,Aston Martin,,75.593,80.53628571428571,-13,6,19
2025,8,9979,Monaco,Monaco,2025-05-25T13:00:00+00:00,16,Charles LECLERC,C LECLERC,Ferrari,,74.055,77.3051038961039,0,2,2
2025,8,9979,Monaco,Monaco,2025-05-25T13:00:00+00:00,18,Lance STROLL,L STROLL,Aston Martin,,74.877,80.08293333333334,4,19,15
2025,8,9979,Monaco,Monaco,2025-05-25T13:00:00+00:00,22,Yuki TSUNODA,Y TSUNODA,Red Bull Racing,,74.913,79.93621333333334,-5,12,17
2025,8,9979,Monaco,Monaco,2025-05-25T13:00:00+00:00,23,Alexander ALBON,A ALBON,Williams,,74.597,79.38977333333334,1,10,9
2025,8,9979,Monaco,Monaco,2025-05-25T13:00:00+00:00,27,Nico HULKENBERG,N HULKENBERG,Kick Sauber,,75.223,80.16798666666666,-3,13,16
2025,8,9979,Monaco,Monaco,2025-05-25T13:00:00+00:00,30,Liam LAWSON,L LAWSON,Racing Bulls,,75.321,79.07981578947368,1,9,8
2025,8,9979,Monaco,Monaco,2025-05-25T13:00:00+00:00,31,Esteban OCON,E OCON,Haas F1 Team,,75.157,79.07823684210526,1,8,7
2025,8,9979,Monaco,Monaco,2025-05-25T13:00:00+00:00,43,Franco COLAPINTO,F COLAPINTO,Alpine,,75.298,79.92506666666667,5,18,13
2025,8,9979,Monaco,Monaco,2025-05-25T13:00:00+00:00,44,Lewis HAMILTON,L HAMILTON,Ferrari,,74.09,77.86784415584415,2,7,5
2025,8,9979,Monaco,Monaco,2025-05-25T13:00:00+00:00,55,Carlos SAINZ,C SAINZ,Williams,,73.988,79.42216,1,11,10
2025,8,9979,Monaco,Monaco,2025-05-25T13:00:00+00:00,63,George RUSSELL,G RUSSELL,Mercedes,,73.405,79.64813333333333,3,14,11
2025,8,9979,Monaco,Monaco,2025-05-25T13:00:00+00:00,81,Oscar PIASTRI,O PIASTRI,McLaren,,73.745,77.29038961038961,0,3,3
2025,8,9979,Monaco,Monaco,2025-05-25T13:00:00+00:00,87,Oliver BEARMAN,O BEARMAN,Haas F1 Team,,74.855,79.31472000000001,8,20,12
2025,9,9971,Barcelona,Spain,2025-06-01T13:00:00+00:00,1,Max VERSTAPPEN,M VERSTAPPEN,Red Bull Racing,,77.019,84.70007692307692,-7,3,10
2025,9,9971,Barcelona,Spain,2025-06-01T13:00:00+00:00,4,Lando NORRIS,L NORRIS,McLaren,,76.187,84.54135384615385,0,2,2
2025,9,9971,Barcelona,Spain,2025-06-01T13:00:00+00:00,5,Gabriel BORTOLETO,G BORTOLETO,Kick Sauber,,78.297,84.83093846153845,0,12,12
2025,9,9971,Barcelona,Spain,2025-06-01T13:00:00+00:00,6,Isack HADJAR,I HADJAR,Racing Bulls,,77.77,84.6920923076923,2,9,7
2025,9,9971,Barcelona,Spain,2025-06-01T13:00:00+00:00,10,Pierre GASLY,P GASLY,Alpine,,77.896,84.72804615384617,0,8,8
2025,9,9971,Barcelona,Spain,2025-06-01T13:00:00+00:00,12,Kimi ANTONELLI,K ANTONELLI,Mercedes,,78.255,81.97213461538462,-12,6,18
2025,9,9971,Barcelona,Spain,2025-06-01T13:00:00+00:00,14,Fernando ALONSO,F ALONSO,Aston Martin,,78.128,84.77196923076923,1,10,9
2025,9,9971,Barcelona,Spain,2025-06-01T13:00:00+00:00,16,Charles LECLERC,C LECLERC,Ferrari,,77.259,84.6393076923077,4,7,3
2025,9,9971,Barcelona,Spain,2025-06-01T13:00:00+00:00,22,Yuki TSUNODA,Y TSUNODA,Red Bull Racing,,77.998,84.80896923076922,6,19,13
2025,9,9971,Barcelona,Spain,2025-06-01T13:00:00+00:00,23,Alexander ALBON,A ALBON,Williams,,80.508,85.1063076923077,-8,11,19
2025,9,9971,Barcelona,Spain,2025-06-01T13:00:00+00:00,27,Nico HULKENBERG,N HULKENBERG,Kick Sauber,,77.575,84.64803076923077,10,15,5
2025,9,9971,Barcelona,Spain,2025-06-01T13:00:00+00:00,30,Liam LAWSON,L LAWSON,Racing Bulls,,79.424,84.81467692307692,2,13,11
2025,9,9971,Barcelona,Spain,2025-06-01T13:00:00+00:00,31,Esteban OCON,E OCON,Haas F1 Team,,78.624,84.8976,0,16,16
2025,9,9971,Barcelona,Spain,2025-06-01T13:00:00+00:00,43,Franco COLAPINTO,F COLAPINTO,Alpine,,78.353,84.86827692307692,3,18,15
2025,9,9971,Barcelona,Spain,2025-06-01T13:00:00+00:00,44,Lewis HAMILTON,L HAMILTON,Ferrari,,77.706,84.7312923076923,-1,5,6
2025,9,9971,Barcelona,Spain,2025-06-01T13:00:00+00:00,55,Carlos SAINZ,C SAINZ,Williams,,79.317,84.84423076923076,3,17,14
2025,9,9971,Barcelona,Spain,2025-06-01T13:00:00+00:00,63,George RUSSELL,G RUSSELL,Mercedes,,77.244,84.73071875,0,4,4
2025,9,9971,Barcelona,Spain,2025-06-01T13:00:00+00:00,81,Oscar PIASTRI,O PIASTRI,McLaren,,75.743,84.5307076923077,0,1,1
2025,9,9971,Barcelona,Spain,2025-06-01T13:00:00+00:00,87,Oliver BEARMAN,O BEARMAN,Haas F1 Team,,78.907,84.82466153846154,-3,14,17
2025,10,9963,Montréal,Canada,2025-06-15T18:00:00+00:00,1,Max VERSTAPPEN,M VERSTAPPEN,Red Bull Racing,,74.287,78.70097101449275,0,2,2
2025,10,9963,Montréal,Canada,2025-06-15T18:00:00+00:00,4,Lando NORRIS,L NORRIS,McLaren,,74.229,76.18044615384616,-11,7,18
2025,10,9963,Montréal,Canada,2025-06-15T18:00:00+00:00,5,Gabriel BORTOLETO,G BORTOLETO,Kick Sauber,,75.414,79.85182352941176,1,15,14
2025,10,9963,Montréal,Canada,2025-06-15T18:00:00+00:00,6,Isack HADJAR,I HADJAR,Racing Bulls,,76.292,79.88473529411765,-4,12,16
2025,10,9963,Montréal,Canada,2025-06-15T18:00:00+00:00,10,Pierre GASLY,P GASLY,Alpine,,74.993,79.79869117647058,5,20,15
2025,10,9963,Montréal,Canada,2025-06-15T18:00:00+00:00,12,Kimi ANTONELLI,K ANTONELLI,Mercedes,,74.455,78.70120289855072,1,4,3
2025,10,9963,Montréal,Canada,2025-06-15T18:00:00+00:00,14,Fernando ALONSO,F ALONSO,Aston Martin,,75.024,78.81636231884058,-1,6,7
2025,10,9963,Montréal,Canada,2025-06-15T18:00:00+00:00,16,Charles LECLERC,C LECLERC,Ferrari,,74.261,78.69275362318841,3,8,5
2025,10,9963,Montréal,Canada,2025-06-15T18:00:00+00:00,18,Lance STROLL,L STROLL,Aston Martin,,74.902,79.85513235294118,0,17,17
2025,10,9963,Montréal,Canada,2025-06-15T18:00:00+00:00,22,Yuki TSUNODA,Y TSUNODA,Red Bull Racing,,75.358,79.80602941176471,6,18,12
2025,10,9963,Montréal,Canada,2025-06-15T18:00:00+00:00,23,Alexander ALBON,A ALBON,Williams,,76.197,78.08082222222222,-11,9,20
2025,10,9963,Montréal,Canada,2025-06-15T18:00:00+00:00,27,Nico HULKENBERG,N HULKENBERG,Kick Sauber,,75.372,78.84189855072464,3,11,8
2025,10,9963,Montréal,Canada,2025-06-15T18:00:00+00:00,30,Liam LAWSON,L LAWSON,Racing Bulls,,76.32,78.13411538461538,0,19,19
2025,10,9963,Montréal,Canada,2025-06-15T18:00:00+00:00,31,Esteban OCON,E OCON,Haas F1 Team,,74.593,79.7647794117647,5,14,9
2025,10,9963,Montréal,Canada,2025-06-15T18:00:00+00:00,43,Franco COLAPINTO,F COLAPINTO,Alpine,,76.076,79.86572058823529,-3,10,13
2025,10,9963,Montréal,Canada,2025-06-15T18:00:00+00:00,44,Lewis HAMILTON,L HAMILTON,Ferrari,,74.805,78.82182608695652,-1,5,6
2025,10,9963,Montréal,Canada,2025-06-15T18:00:00+00:00,55,Carlos SAINZ,C SAINZ,Williams,,74.389,79.7588382352941,6,16,10
2025,10,9963,Montréal,Canada,2025-06-15T18:00:00+00:00,63,George RUSSELL,G RUSSELL,Mercedes,,74.119,78.70776811594203,0,1,1
2025,10,9963,Montréal,Canada,2025-06-15T18:00:00+00:00,81,Oscar PIASTRI,O PIASTRI,McLaren,,74.255,78.70808695652174,-1,3,4
2025,10,9963,Montréal,Canada,2025-06-15T18:00:00+00:00,87,Oliver BEARMAN,O BEARMAN,Haas F1 Team,,75.397,79.80098529411764,2,13,11
